H,S,V,class
13,125,59,branco
12,108,71,branco
13,120,70,branco
10,114,87,branco
10,97,110,branco
12,97,116,branco
11,109,110,branco
12,116,112,branco
13,124,111,branco
12,132,110,branco
13,137,110,branco
13,144,110,branco
12,146,110,branco
12,151,110,branco
12,153,108,branco
11,154,109,branco
11,152,111,branco
10,146,115,branco
10,149,116,branco
10,152,114,branco
11,160,110,branco
11,166,106,branco
11,169,104,branco
11,168,105,branco
11,164,107,branco
11,163,108,branco
11,171,103,branco
11,173,102,branco
11,161,109,branco
10,165,105,branco
10,167,104,branco
10,168,103,branco
10,170,102,branco
10,177,98,branco
10,184,94,branco
10,183,95,branco
10,173,100,branco
10,172,101,branco
10,168,105,branco
10,169,104,branco
10,166,106,branco
10,160,110,branco
10,164,107,branco
10,174,101,branco
10,180,98,branco
11,178,99,branco
11,159,111,branco
10,179,97,branco
10,181,96,branco
10,175,99,branco
13,119,62,branco
12,105,73,branco
11,117,76,branco
10,101,106,branco
11,103,111,branco
11,113,106,branco
12,135,108,branco
13,138,109,branco
10,156,111,branco
10,155,112,branco
9,149,115,branco
10,150,117,branco
10,153,113,branco
10,164,106,branco
10,163,108,branco
10,173,102,branco
10,176,100,branco
11,180,98,branco
10,174,94,branco
10,171,94,branco
10,164,95,branco
10,165,94,branco
9,165,91,branco
10,167,87,branco
9,166,86,branco
10,163,86,branco
9,156,85,branco
9,149,82,branco
9,151,81,branco
9,147,78,branco
9,151,76,branco
10,152,72,branco
10,154,71,branco
8,156,67,branco
8,149,70,branco
8,148,74,branco
9,155,74,branco
8,159,74,branco
8,168,76,branco
9,167,81,branco
10,165,85,branco
10,163,89,branco
10,167,93,branco
10,168,97,branco
10,165,99,branco
10,177,101,branco
11,170,99,branco
9,177,101,branco
9,175,102,branco
9,173,103,branco
9,170,105,branco
9,168,106,branco
10,171,103,branco
10,162,107,branco
10,161,108,branco
10,159,106,branco
10,160,105,branco
10,162,104,branco
10,160,102,branco
10,158,103,branco
10,157,104,branco
10,161,100,branco
10,166,97,branco
10,167,96,branco
10,164,98,branco
11,162,96,branco
11,169,92,branco
11,164,95,branco
10,167,98,branco
10,162,101,branco
10,163,100,branco
10,162,99,branco
10,156,100,branco
10,154,101,branco
11,150,100,branco
11,152,99,branco
10,147,97,branco
10,149,96,branco
10,145,97,branco
10,155,94,branco
11,155,97,branco
11,156,90,branco
10,150,85,branco
11,149,84,branco
10,141,78,branco
10,150,73,branco
9,148,69,branco
9,138,74,branco
10,134,82,branco
10,127,86,branco
10,135,89,branco
10,138,87,branco
10,147,87,branco
11,138,83,branco
12,120,64,branco
11,107,74,branco
11,116,77,branco
10,105,102,branco
11,109,105,branco
11,116,103,branco
12,117,111,branco
13,126,111,branco
12,136,107,branco
12,142,108,branco
12,145,111,branco
10,152,116,branco
11,156,113,branco
10,161,109,branco
11,179,94,branco
10,177,92,branco
10,175,92,branco
10,169,92,branco
10,165,88,branco
10,169,86,branco
10,161,87,branco
9,152,87,branco
10,152,84,branco
9,146,84,branco
10,148,81,branco
9,143,80,branco
10,146,75,branco
8,141,74,branco
8,152,67,branco
8,148,69,branco
6,149,72,branco
8,152,72,branco
7,156,72,branco
8,161,73,branco
8,161,79,branco
9,163,83,branco
9,164,87,branco
9,165,96,branco
11,172,98,branco
9,179,100,branco
9,172,104,branco
10,165,102,branco
10,173,93,branco
10,150,95,branco
10,152,94,branco
10,149,94,branco
9,151,88,branco
9,137,84,branco
8,143,73,branco
9,134,76,branco
10,132,83,branco
10,126,87,branco
10,133,90,branco
10,143,89,branco
11,135,85,branco
12,118,65,branco
11,110,72,branco
9,116,88,branco
10,109,101,branco
11,111,103,branco
11,118,102,branco
12,119,109,branco
13,130,108,branco
12,138,105,branco
12,143,112,branco
10,158,110,branco
9,150,114,branco
10,153,115,branco
11,157,112,branco
11,174,101,branco
10,186,93,branco
10,179,91,branco
10,177,91,branco
10,171,91,branco
10,173,90,branco
10,171,85,branco
9,154,86,branco
9,147,83,branco
10,142,77,branco
10,144,76,branco
8,138,76,branco
8,146,68,branco
8,144,69,branco
8,152,69,branco
8,154,71,branco
9,165,82,branco
9,170,84,branco
9,168,94,branco
10,159,109,branco
10,167,101,branco
10,178,90,branco
11,167,93,branco
10,151,96,branco
11,154,98,branco
11,154,91,branco
9,149,89,branco
10,142,90,branco
9,129,89,branco
8,132,79,branco
8,129,81,branco
10,131,84,branco
10,136,88,branco
9,138,89,branco
9,143,93,branco
10,130,92,branco
12,116,66,branco
11,114,78,branco
10,110,100,branco
11,120,104,branco
11,122,109,branco
13,135,104,branco
11,144,103,branco
12,140,109,branco
12,148,112,branco
11,153,110,branco
11,156,108,branco
9,151,113,branco
10,154,114,branco
11,181,93,branco
11,175,86,branco
10,173,84,branco
10,172,83,branco
10,167,84,branco
11,162,85,branco
10,155,82,branco
10,157,81,branco
10,152,79,branco
10,154,78,branco
8,142,70,branco
6,137,69,branco
6,140,69,branco
8,150,68,branco
6,151,71,branco
8,150,73,branco
8,155,79,branco
9,164,81,branco
8,166,83,branco
9,168,91,branco
10,172,95,branco
9,171,100,branco
10,179,100,branco
11,174,97,branco
9,167,107,branco
9,165,108,branco
10,163,103,branco
10,181,89,branco
10,155,105,branco
10,159,101,branco
10,144,99,branco
10,146,98,branco
9,149,101,branco
10,151,103,branco
10,148,98,branco
10,154,93,branco
9,146,91,branco
10,139,92,branco
9,125,92,branco
9,127,90,branco
8,124,84,branco
8,123,85,branco
10,129,85,branco
9,133,86,branco
9,142,86,branco
9,141,87,branco
12,113,68,branco
10,111,83,branco
10,112,107,branco
11,118,106,branco
11,124,107,branco
13,140,100,branco
11,146,101,branco
12,138,111,branco
10,159,111,branco
9,153,112,branco
10,156,113,branco
10,178,99,branco
11,183,92,branco
11,171,88,branco
11,177,85,branco
10,175,83,branco
10,176,81,branco
10,171,82,branco
11,166,83,branco
10,161,79,branco
10,163,78,branco
10,160,75,branco
10,162,74,branco
10,148,74,branco
6,133,71,branco
7,135,68,branco
6,143,66,branco
8,155,66,branco
6,153,70,branco
8,157,78,branco
9,168,79,branco
8,170,81,branco
9,172,89,branco
9,176,97,branco
10,179,101,branco
11,175,96,branco
9,162,110,branco
9,161,111,branco
11,160,97,branco
11,165,94,branco
11,149,101,branco
10,141,101,branco
10,143,98,branco
9,146,103,branco
10,150,104,branco
10,147,99,branco
10,137,93,branco
9,123,93,branco
9,126,91,branco
9,135,85,branco
9,144,85,branco
13,117,72,branco
10,116,79,branco
10,107,86,branco
10,122,88,branco
10,106,101,branco
11,107,107,branco
11,117,107,branco
12,124,105,branco
12,138,98,branco
12,148,98,branco
12,137,112,branco
10,141,114,branco
10,143,112,branco
10,152,111,branco
10,181,97,branco
10,170,96,branco
10,175,93,branco
10,173,81,branco
10,175,80,branco
9,162,82,branco
9,161,76,branco
9,163,75,branco
9,157,73,branco
9,159,72,branco
8,147,71,branco
8,145,72,branco
8,138,72,branco
6,135,70,branco
7,137,67,branco
6,145,65,branco
8,155,64,branco
8,156,75,branco
8,163,78,branco
9,169,80,branco
9,174,82,branco
9,175,86,branco
9,178,89,branco
10,179,94,branco
10,174,97,branco
9,159,112,branco
10,157,112,branco
10,170,99,branco
10,168,100,branco
9,160,102,branco
9,158,100,branco
9,161,98,branco
10,154,106,branco
10,151,108,branco
10,143,100,branco
11,145,97,branco
11,143,96,branco
10,148,95,branco
10,144,101,branco
10,143,102,branco
9,144,99,branco
10,152,92,branco
9,147,90,branco
8,136,94,branco
9,130,94,branco
11,140,82,branco
11,135,70,branco
9,124,82,branco
11,124,84,branco
11,114,92,branco
13,108,97,branco
12,109,101,branco
12,108,104,branco
11,137,97,branco
11,142,97,branco
10,128,112,branco
9,138,109,branco
10,144,108,branco
10,150,109,branco
11,155,110,branco
11,157,109,branco
11,158,108,branco
11,160,107,branco
11,161,106,branco
11,164,104,branco
11,168,102,branco
10,157,107,branco
10,172,98,branco
10,177,95,branco
10,175,96,branco
11,177,95,branco
11,180,95,branco
12,176,94,branco
10,162,96,branco
9,160,89,branco
9,159,90,branco
9,157,91,branco
8,162,85,branco
8,160,86,branco
8,157,83,branco
8,161,81,branco
8,161,76,branco
4,131,70,branco
4,128,72,branco
5,124,72,branco
5,122,73,branco
6,139,68,branco
8,148,67,branco
8,164,67,branco
9,166,69,branco
9,170,72,branco
8,157,81,branco
9,157,86,branco
9,158,95,branco
9,157,96,branco
9,155,97,branco
10,160,97,branco
10,185,87,branco
10,183,89,branco
10,173,103,branco
10,172,104,branco
10,170,105,branco
10,168,106,branco
10,167,107,branco
10,165,108,branco
10,175,102,branco
11,159,106,branco
11,157,107,branco
9,160,99,branco
9,156,98,branco
9,153,100,branco
9,163,97,branco
9,165,93,branco
9,155,99,branco
9,155,102,branco
9,149,103,branco
9,163,105,branco
9,161,106,branco
10,153,102,branco
11,146,103,branco
11,143,98,branco
12,139,97,branco
11,138,96,branco
11,140,95,branco
9,131,103,branco
9,133,102,branco
9,138,98,branco
9,144,92,branco
8,142,90,branco
8,139,92,branco
9,135,91,branco
9,139,88,branco
10,139,86,branco
10,141,85,branco
10,143,84,branco
10,144,83,branco
12,142,79,branco
11,147,71,branco
10,123,87,branco
13,122,86,branco
14,110,93,branco
12,111,99,branco
12,110,102,branco
11,114,105,branco
10,128,100,branco
11,138,100,branco
10,122,115,branco
9,137,110,branco
10,143,109,branco
9,145,109,branco
10,149,108,branco
12,152,109,branco
11,154,111,branco
10,160,91,branco
9,155,87,branco
7,158,84,branco
7,156,85,branco
8,155,84,branco
7,152,82,branco
6,152,77,branco
7,154,73,branco
6,159,69,branco
6,158,68,branco
4,139,66,branco
3,131,66,branco
4,127,66,branco
4,124,68,branco
5,131,68,branco
5,135,66,branco
9,164,70,branco
8,159,80,branco
9,159,85,branco
9,155,92,branco
10,158,92,branco
11,172,107,branco
11,170,108,branco
11,180,102,branco
11,160,105,branco
10,169,95,branco
9,157,101,branco
9,158,97,branco
9,163,94,branco
9,159,96,branco
9,150,102,branco
9,162,107,branco
9,160,107,branco
9,158,108,branco
9,154,103,branco
11,149,99,branco
11,146,96,branco
12,141,96,branco
12,135,96,branco
8,128,100,branco
8,130,100,branco
8,133,96,branco
8,137,93,branco
9,136,90,branco
11,137,84,branco
12,134,84,branco
10,119,90,branco
14,109,94,branco
12,111,101,branco
11,115,104,branco
10,125,112,branco
10,141,110,branco
9,144,110,branco
10,148,110,branco
10,147,109,branco
10,146,110,branco
12,149,111,branco
11,153,112,branco
10,156,108,branco
10,156,93,branco
10,161,90,branco
8,159,82,branco
8,153,80,branco
7,152,74,branco
6,160,67,branco
8,157,65,branco
4,143,64,branco
5,142,63,branco
4,134,63,branco
4,130,63,branco
6,135,64,branco
5,139,64,branco
8,154,68,branco
9,161,84,branco
9,162,88,branco
11,178,103,branco
11,162,104,branco
9,166,95,branco
11,152,97,branco
11,135,98,branco
8,135,96,branco
8,134,95,branco
9,133,92,branco
11,133,86,branco
12,129,87,branco
11,141,74,branco
10,125,88,branco
10,118,91,branco
13,115,91,branco
14,103,99,branco
12,108,102,branco
10,129,99,branco
10,132,106,branco
9,136,111,branco
10,140,111,branco
9,142,111,branco
10,147,111,branco
10,145,111,branco
11,163,105,branco
11,166,103,branco
11,169,101,branco
10,181,90,branco
11,178,96,branco
12,174,95,branco
10,159,88,branco
9,178,76,branco
8,165,79,branco
9,159,77,branco
8,154,76,branco
8,153,65,branco
6,140,62,branco
4,132,62,branco
5,128,60,branco
6,138,63,branco
5,144,62,branco
6,147,64,branco
9,168,85,branco
10,181,86,branco
10,183,88,branco
11,177,104,branco
9,152,104,branco
11,148,95,branco
8,138,94,branco
8,140,93,branco
8,131,97,branco
9,132,93,branco
10,150,80,branco
11,134,78,branco
10,122,90,branco
13,112,93,branco
14,100,102,branco
12,106,103,branco
12,112,100,branco
10,126,101,branco
11,141,98,branco
10,135,104,branco
12,147,113,branco
12,145,114,branco
10,154,109,branco
10,185,88,branco
9,173,78,branco
9,183,74,branco
8,166,77,branco
9,153,75,branco
9,152,67,branco
9,156,62,branco
6,142,61,branco
7,141,58,branco
5,132,58,branco
6,130,57,branco
5,130,59,branco
7,138,59,branco
6,145,60,branco
9,149,77,branco
10,187,83,branco
10,189,85,branco
11,173,106,branco
11,175,105,branco
11,163,103,branco
11,167,101,branco
10,157,99,branco
11,142,99,branco
8,144,90,branco
8,140,91,branco
8,130,98,branco
10,146,82,branco
12,127,88,branco
11,132,79,branco
10,120,91,branco
13,114,92,branco
14,101,101,branco
10,120,106,branco
11,134,103,branco
11,171,100,branco
10,153,110,branco
11,176,97,branco
12,173,96,branco
9,179,74,branco
9,165,74,branco
11,157,73,branco
10,153,70,branco
10,151,66,branco
9,167,58,branco
10,164,56,branco
7,148,55,branco
8,146,54,branco
6,137,54,branco
8,130,53,branco
6,132,56,branco
8,141,56,branco
6,147,59,branco
9,172,83,branco
11,168,100,branco
8,146,89,branco
9,129,95,branco
11,132,87,branco
10,120,89,branco
11,136,77,branco
10,119,92,branco
10,116,92,branco
13,111,94,branco
14,98,104,branco
12,104,105,branco
10,118,108,branco
11,132,104,branco
9,174,76,branco
10,164,73,branco
11,159,72,branco
11,155,74,branco
10,151,71,branco
10,148,67,branco
10,167,55,branco
11,165,54,branco
9,142,52,branco
8,132,52,branco
8,127,52,branco
8,125,55,branco
8,139,57,branco
8,140,71,branco
10,164,109,branco
11,165,102,branco
11,174,98,branco
8,137,95,branco
8,143,89,branco
9,128,96,branco
10,125,86,branco
11,139,75,branco
10,115,93,branco
13,106,99,branco
14,94,109,branco
12,102,108,branco
10,119,107,branco
11,135,102,branco
10,138,102,branco
9,139,108,branco
11,151,113,branco
10,153,95,branco
9,170,78,branco
12,154,73,branco
10,147,73,branco
11,149,70,branco
10,144,69,branco
11,143,66,branco
11,162,55,branco
9,140,53,branco
9,137,54,branco
8,123,54,branco
8,121,55,branco
8,116,57,branco
9,125,59,branco
9,171,79,branco
9,176,81,branco
10,175,89,branco
10,162,110,branco
11,145,95,branco
8,134,97,branco
8,145,88,branco
10,131,82,branco
11,131,80,branco
10,118,93,branco
13,110,95,branco
12,110,100,branco
12,119,94,branco
11,121,99,branco
10,125,102,branco
10,130,108,branco
9,148,107,branco
10,153,107,branco
11,168,108,branco
11,166,109,branco
11,169,107,branco
11,171,106,branco
11,163,111,branco
11,178,102,branco
11,179,101,branco
11,176,103,branco
11,160,113,branco
11,159,114,branco
11,162,112,branco
11,165,110,branco
11,173,99,branco
10,156,90,branco
11,141,67,branco
11,159,56,branco
9,132,56,branco
9,134,55,branco
8,125,53,branco
10,125,51,branco
9,176,77,branco
9,183,78,branco
9,179,80,branco
11,168,109,branco
10,158,102,branco
10,142,99,branco
8,141,92,branco
11,129,81,branco
10,115,95,branco
12,122,92,branco
11,125,96,branco
11,136,101,branco
10,131,107,branco
11,172,105,branco
11,174,104,branco
10,158,89,branco
10,149,72,branco
11,157,57,branco
11,151,59,branco
9,127,58,branco
9,130,57,branco
10,120,53,branco
6,131,66,branco
11,148,102,branco
10,146,96,branco
11,126,83,branco
10,112,98,branco
13,107,98,branco
14,99,103,branco
12,112,98,branco
12,126,89,branco
11,129,93,branco
10,130,98,branco
11,139,99,branco
10,145,107,branco
11,157,115,branco
10,158,76,branco
11,152,69,branco
10,146,68,branco
11,145,65,branco
11,149,60,branco
11,144,62,branco
9,123,60,branco
8,118,56,branco
6,128,68,branco
11,156,100,branco
11,157,99,branco
10,145,100,branco
10,150,97,branco
9,150,95,branco
9,152,94,branco
11,142,81,branco
10,126,85,branco
11,120,87,branco
10,109,98,branco
13,104,101,branco
14,97,105,branco
11,130,92,branco
10,131,97,branco
9,146,108,branco
11,176,100,branco
11,156,116,branco
10,146,63,branco
11,142,63,branco
8,125,63,branco
8,121,57,branco
6,133,65,branco
6,141,67,branco
8,155,82,branco
9,149,96,branco
11,143,80,branco
11,116,90,branco
10,106,103,branco
10,107,100,branco
13,102,103,branco
14,95,107,branco
10,127,110,branco
12,169,110,branco
12,171,109,branco
12,172,108,branco
12,176,106,branco
12,177,105,branco
12,186,100,branco
12,181,103,branco
12,174,107,branco
12,168,111,branco
12,166,112,branco
12,165,113,branco
12,163,114,branco
12,171,97,branco
9,155,79,branco
11,153,75,branco
9,147,66,branco
10,141,65,branco
8,127,54,branco
8,136,58,branco
6,150,63,branco
8,154,83,branco
9,152,89,branco
10,154,104,branco
11,154,101,branco
9,145,104,branco
8,145,102,branco
11,145,79,branco
10,134,80,branco
10,108,102,branco
10,110,97,branco
13,103,102,branco
14,96,106,branco
12,125,90,branco
11,127,94,branco
10,126,111,branco
12,183,102,branco
12,188,99,branco
12,167,99,branco
12,169,98,branco
10,159,98,branco
10,154,91,branco
9,166,80,branco
9,145,67,branco
7,130,63,branco
8,134,59,branco
6,134,55,branco
6,152,62,branco
8,152,84,branco
10,152,106,branco
11,150,104,branco
11,151,103,branco
11,153,102,branco
8,144,103,branco
9,143,100,branco
7,138,96,branco
11,119,88,branco
10,113,97,branco
9,132,114,branco
10,139,112,branco
12,179,104,branco
12,184,101,branco
11,154,114,branco
12,164,101,branco
12,166,100,branco
10,151,93,branco
9,154,88,branco
9,146,70,branco
9,140,69,branco
9,143,68,branco
7,128,64,branco
8,150,85,branco
9,151,101,branco
11,147,106,branco
12,147,104,branco
12,149,103,branco
9,148,102,branco
8,146,101,branco
9,146,98,branco
7,140,95,branco
10,117,94,branco
13,109,96,branco
13,130,88,branco
12,133,98,branco
10,131,109,branco
10,127,114,branco
10,138,113,branco
11,147,116,branco
11,149,115,branco
12,173,102,branco
11,181,100,branco
11,185,98,branco
11,187,97,branco
12,160,116,branco
12,162,104,branco
12,163,103,branco
12,163,102,branco
9,144,71,branco
9,142,61,branco
7,143,57,branco
9,162,93,branco
10,180,99,branco
11,145,107,branco
11,148,105,branco
8,152,97,branco
9,144,94,branco
9,147,92,branco
10,156,77,branco
10,132,81,branco
11,118,97,branco
12,126,93,branco
15,113,97,branco
15,106,101,branco
15,111,99,branco
13,127,90,branco
11,135,89,branco
12,131,99,branco
11,126,109,branco
10,129,111,branco
10,130,112,branco
11,137,110,branco
12,154,104,branco
12,152,106,branco
13,147,111,branco
13,146,112,branco
12,149,113,branco
11,144,117,branco
11,150,112,branco
11,146,115,branco
11,145,116,branco
11,153,115,branco
10,156,103,branco
11,181,97,branco
11,167,110,branco
10,161,111,branco
11,165,111,branco
11,152,116,branco
10,151,115,branco
12,168,100,branco
13,167,98,branco
12,164,98,branco
11,159,98,branco
11,157,96,branco
11,160,86,branco
11,160,83,branco
11,154,81,branco
10,157,70,branco
9,145,60,branco
10,145,58,branco
9,133,65,branco
9,135,72,branco
9,140,73,branco
9,150,90,branco
9,160,94,branco
12,159,104,branco
12,161,103,branco
10,153,105,branco
9,141,94,branco
10,140,91,branco
10,137,80,branco
12,131,76,branco
10,118,102,branco
12,122,96,branco
15,109,101,branco
17,99,103,branco
15,108,102,branco
13,126,91,branco
13,139,88,branco
12,128,106,branco
11,130,108,branco
11,133,113,branco
11,141,110,branco
12,153,105,branco
13,151,108,branco
13,144,113,branco
11,148,114,branco
10,159,112,branco
11,160,94,branco
11,164,92,branco
11,167,90,branco
10,164,87,branco
11,162,82,branco
11,164,81,branco
11,156,80,branco
11,160,78,branco
11,164,70,branco
10,153,65,branco
10,148,62,branco
10,150,61,branco
10,143,59,branco
10,137,67,branco
9,136,71,branco
10,140,71,branco
9,142,72,branco
10,159,90,branco
11,148,93,branco
11,146,94,branco
10,139,79,branco
12,140,80,branco
13,136,77,branco
12,113,99,branco
10,116,103,branco
12,121,97,branco
15,104,105,branco
17,96,106,branco
15,105,104,branco
13,123,93,branco
13,138,89,branco
11,131,115,branco
12,150,107,branco
13,148,110,branco
11,149,113,branco
11,185,91,branco
9,172,92,branco
11,164,84,branco
11,166,80,branco
11,158,79,branco
11,162,71,branco
10,155,69,branco
10,138,61,branco
10,143,64,branco
10,139,66,branco
10,142,70,branco
12,158,105,branco
11,148,100,branco
9,145,79,branco
12,144,78,branco
12,135,81,branco
10,119,101,branco
17,95,107,branco
13,121,95,branco
13,135,91,branco
12,129,101,branco
12,125,108,branco
11,127,110,branco
11,129,117,branco
12,147,109,branco
13,143,114,branco
10,158,113,branco
12,167,101,branco
13,165,99,branco
12,162,99,branco
11,158,95,branco
11,162,93,branco
11,165,91,branco
10,162,88,branco
11,168,79,branco
10,159,80,branco
10,158,68,branco
10,136,62,branco
9,158,84,branco
12,156,106,branco
10,157,91,branco
9,140,95,branco
9,142,81,branco
12,148,76,branco
12,132,83,branco
12,107,105,branco
10,120,100,branco
12,117,100,branco
15,106,103,branco
17,97,105,branco
13,133,92,branco
12,125,104,branco
12,121,112,branco
11,122,115,branco
11,128,118,branco
11,143,109,branco
13,141,116,branco
13,142,115,branco
11,164,112,branco
11,162,113,branco
11,161,114,branco
11,170,81,branco
11,170,78,branco
11,162,77,branco
9,138,63,branco
9,135,64,branco
10,160,67,branco
10,159,69,branco
12,155,107,branco
11,145,102,branco
9,140,82,branco
12,146,77,branco
12,131,84,branco
12,104,108,branco
12,111,106,branco
15,110,100,branco
17,100,102,branco
13,122,94,branco
13,132,93,branco
12,118,115,branco
11,119,118,branco
11,126,119,branco
11,144,108,branco
13,139,117,branco
11,143,118,branco
11,160,115,branco
12,165,102,branco
13,163,100,branco
12,161,100,branco
11,168,82,branco
11,172,80,branco
11,174,79,branco
9,149,65,branco
10,161,68,branco
11,166,69,branco
9,138,96,branco
12,105,107,branco
10,122,98,branco
12,109,108,branco
17,101,101,branco
13,138,118,branco
11,150,117,branco
11,157,117,branco
10,169,83,branco
11,177,78,branco
10,166,77,branco
9,151,64,branco
9,140,62,branco
10,150,107,branco
11,154,96,branco
11,151,98,branco
12,135,83,branco
12,109,103,branco
10,127,94,branco
12,120,113,branco
11,121,116,branco
13,137,119,branco
13,150,109,branco
11,149,118,branco
11,158,116,branco
9,150,68,branco
7,146,63,branco
11,169,68,branco
10,166,72,branco
11,157,94,branco
11,159,93,branco
11,156,95,branco
10,136,94,branco
9,126,97,branco
9,138,83,branco
12,132,85,branco
15,117,94,branco
17,102,100,branco
12,128,102,branco
11,120,117,branco
11,132,114,branco
12,149,108,branco
11,145,121,branco
12,175,108,branco
12,173,109,branco
12,167,113,branco
12,159,101,branco
12,158,102,branco
9,172,77,branco
10,175,73,branco
7,131,70,branco
10,145,74,branco
10,171,70,branco
9,135,98,branco
10,133,96,branco
9,132,87,branco
10,135,81,branco
15,102,107,branco
12,126,107,branco
11,125,112,branco
11,147,120,branco
12,160,110,branco
12,168,112,branco
12,164,115,branco
12,175,96,branco
13,174,94,branco
12,169,95,branco
12,167,96,branco
12,166,97,branco
9,177,75,branco
7,133,69,branco
9,138,70,branco
10,169,71,branco
11,176,71,branco
10,160,89,branco
9,133,100,branco
11,123,93,branco
12,108,109,branco
15,100,110,branco
17,92,111,branco
15,102,108,branco
13,141,87,branco
12,134,97,branco
12,129,105,branco
11,129,109,branco
12,156,103,branco
12,159,111,branco
12,154,109,branco
12,152,111,branco
12,157,112,branco
12,153,115,branco
12,170,111,branco
12,173,112,branco
12,166,114,branco
10,148,117,branco
12,177,95,branco
13,175,93,branco
12,171,94,branco
9,168,73,branco
11,171,73,branco
10,140,100,branco
9,131,101,branco
10,134,95,branco
12,123,91,branco
12,107,110,branco
15,103,106,branco
12,130,100,branco
11,134,112,branco
12,176,110,branco
10,147,118,branco
12,172,98,branco
13,170,96,branco
8,170,75,branco
8,163,72,branco
8,151,66,branco
10,143,75,branco
11,151,76,branco
11,167,75,branco
10,168,76,branco
10,140,102,branco
11,150,92,branco
9,134,99,branco
11,114,101,branco
12,116,97,branco
13,117,98,branco
13,129,95,branco
12,126,103,branco
11,132,106,branco
11,141,107,branco
11,148,119,branco
12,162,115,branco
12,156,113,branco
12,178,109,branco
12,179,108,branco
8,142,72,branco
8,146,70,branco
11,153,90,branco
9,137,97,branco
11,113,102,branco
15,112,98,branco
13,128,96,branco
12,133,102,branco
13,160,113,branco
12,163,116,branco
9,154,93,branco
8,140,73,branco
8,144,71,branco
11,149,77,branco
10,166,86,branco
10,188,92,branco
12,114,98,branco
10,121,99,branco
13,120,96,branco
12,134,101,branco
11,138,109,branco
13,159,114,branco
13,162,112,branco
13,157,115,branco
12,167,116,branco
12,170,114,branco
12,181,107,branco
8,156,95,branco
8,146,75,branco
11,147,78,branco
10,154,83,branco
10,168,85,branco
10,139,101,branco
9,130,88,branco
11,116,99,branco
10,112,96,branco
11,121,95,branco
13,125,92,branco
12,129,91,branco
11,129,103,branco
11,140,100,branco
10,130,110,branco
11,145,118,branco
12,159,117,branco
12,161,117,branco
12,172,110,branco
12,176,107,branco
11,155,117,branco
13,162,101,branco
8,152,77,branco
7,146,77,branco
6,143,75,branco
6,135,72,branco
10,139,103,branco
12,118,99,branco
11,122,86,branco
12,106,106,branco
12,98,114,branco
12,100,110,branco
11,143,84,branco
13,129,97,branco
11,134,105,branco
12,172,89,branco
12,159,96,branco
12,142,113,branco
11,146,117,branco
11,150,114,branco
13,152,114,branco
12,180,105,branco
9,161,95,branco
7,144,78,branco
6,142,77,branco
6,145,74,branco
10,189,89,branco
11,143,93,branco
11,140,89,branco
11,133,90,branco
11,120,96,branco
12,123,95,branco
12,120,83,branco
12,101,111,branco
11,144,83,branco
11,126,95,branco
12,137,95,branco
12,138,94,branco
11,136,103,branco
12,151,96,branco
12,151,101,branco
11,138,113,branco
7,142,79,branco
6,144,76,branco
6,148,74,branco
9,153,80,branco
9,164,109,branco
11,141,94,branco
11,147,90,branco
12,146,89,branco
11,122,98,branco
12,120,98,branco
11,139,86,branco
12,143,91,branco
11,138,102,branco
12,143,107,branco
11,139,112,branco
12,141,114,branco
8,147,80,branco
8,148,79,branco
7,148,76,branco
10,181,93,branco
11,119,101,branco
12,115,102,branco
12,116,86,branco
10,114,94,branco
11,138,87,branco
11,120,100,branco
12,140,93,branco
12,143,102,branco
11,138,107,branco
11,136,114,branco
12,140,115,branco
8,145,81,branco
6,146,75,branco
7,150,75,branco
11,146,91,branco
15,114,96,branco
12,108,92,branco
12,117,96,branco
12,130,86,branco
11,148,81,branco
11,134,110,branco
12,134,114,branco
11,135,115,branco
11,140,111,branco
12,137,117,branco
9,160,83,branco
9,157,78,branco
11,187,90,branco
10,148,105,branco
12,144,90,branco
12,110,107,branco
15,116,99,branco
12,100,99,branco
11,124,97,branco
12,122,107,branco
11,126,111,branco
12,133,109,branco
12,135,113,branco
12,136,118,branco
11,156,118,branco
8,150,78,branco
15,115,100,branco
12,93,107,branco
10,104,103,branco
12,123,106,branco
12,114,114,branco
12,131,111,branco
11,137,108,branco
12,135,119,branco
11,163,91,branco
11,166,89,branco
11,145,104,branco
12,114,103,branco
14,121,99,branco
12,89,112,branco
10,100,107,branco
12,121,93,branco
11,150,80,branco
11,116,121,branco
12,130,112,branco
11,140,106,branco
12,144,106,branco
12,134,120,branco
10,141,103,branco
12,116,101,branco
14,124,97,branco
12,86,115,branco
10,96,112,branco
12,118,95,branco
12,153,100,branco
13,155,112,branco
13,153,113,branco
12,154,114,branco
12,168,91,branco
12,176,87,branco
11,178,83,branco
11,180,82,branco
11,171,82,branco
8,141,83,branco
11,134,99,branco
12,125,94,branco
14,125,96,branco
11,123,114,branco
12,150,102,branco
13,156,111,branco
12,174,88,branco
11,176,84,branco
11,169,83,branco
8,143,82,branco
10,147,106,branco
11,126,105,branco
10,95,113,branco
12,137,82,branco
12,146,105,branco
13,158,110,branco
12,166,92,branco
11,174,85,branco
11,167,84,branco
11,130,106,branco
11,127,104,branco
13,130,94,branco
12,86,116,branco
10,93,115,branco
11,146,82,branco
11,136,109,branco
12,170,90,branco
11,170,87,branco
11,165,85,branco
11,158,87,branco
10,137,104,branco
11,129,107,branco
11,133,100,branco
11,132,91,branco
14,128,98,branco
12,85,117,branco
10,92,117,branco
11,131,107,branco
13,170,93,branco
13,174,91,branco
12,178,86,branco
12,171,85,branco
11,155,89,branco
12,178,93,branco
10,136,105,branco
11,130,102,branco
12,84,118,branco
10,91,118,branco
12,140,104,branco
13,168,94,branco
12,169,86,branco
12,184,90,branco
12,188,88,branco
11,131,101,branco
10,90,119,branco
12,144,101,branco
13,161,108,branco
13,159,109,branco
12,167,87,branco
11,158,89,branco
12,180,92,branco
12,191,87,branco
13,126,99,branco
12,84,119,branco
12,94,120,branco
11,119,105,branco
13,164,106,branco
13,162,107,branco
12,163,108,branco
12,161,109,branco
11,152,119,branco
11,153,118,branco
10,157,114,branco
12,165,93,branco
12,161,95,branco
12,163,94,branco
11,161,87,branco
10,187,86,branco
11,144,92,branco
11,128,98,branco
13,125,98,branco
15,90,122,branco
13,103,119,branco
13,114,110,branco
12,117,113,branco
12,130,102,branco
12,120,108,branco
10,117,109,branco
9,122,109,branco
12,159,106,branco
12,157,107,branco
10,155,115,branco
12,164,107,branco
12,169,104,branco
9,154,98,branco
8,154,96,branco
11,156,88,branco
11,159,88,branco
11,164,90,branco
11,169,89,branco
11,173,90,branco
9,158,103,branco
9,166,92,branco
9,174,88,branco
9,170,90,branco
12,187,101,branco
12,185,105,branco
9,157,104,branco
8,149,99,branco
10,134,105,branco
9,124,107,branco
11,136,92,branco
11,130,96,branco
11,126,99,branco
11,125,100,branco
15,94,122,branco
13,104,118,branco
13,117,109,branco
13,129,107,branco
13,138,102,branco
12,135,100,branco
11,119,111,branco
11,123,108,branco
8,119,107,branco
12,160,105,branco
12,156,108,branco
10,154,116,branco
9,149,91,branco
11,168,88,branco
11,161,92,branco
11,187,79,branco
11,190,78,branco
11,183,81,branco
8,149,101,branco
8,155,97,branco
8,165,91,branco
8,173,87,branco
8,171,88,branco
9,173,99,branco
9,166,103,branco
12,185,102,branco
13,182,109,branco
13,181,110,branco
9,157,109,branco
9,155,110,branco
10,168,108,branco
9,150,100,branco
8,148,100,branco
8,151,98,branco
8,151,91,branco
8,153,90,branco
9,142,95,branco
9,145,93,branco
9,141,96,branco
9,134,101,branco
9,130,104,branco
9,130,102,branco
11,132,95,branco
15,95,121,branco
13,105,117,branco
13,118,108,branco
13,138,100,branco
13,139,101,branco
12,130,104,branco
12,123,110,branco
11,121,110,branco
11,125,106,branco
9,127,104,branco
9,126,105,branco
10,132,108,branco
12,171,103,branco
11,172,86,branco
11,203,73,branco
11,214,69,branco
11,205,72,branco
11,185,80,branco
8,150,100,branco
8,157,96,branco
8,167,90,branco
8,177,85,branco
12,183,103,branco
12,183,106,branco
9,129,105,branco
9,125,108,branco
15,96,119,branco
13,106,115,branco
14,125,106,branco
13,142,97,branco
13,143,102,branco
13,132,106,branco
12,124,109,branco
9,125,106,branco
9,129,103,branco
11,192,77,branco
11,195,76,branco
8,152,99,branco
8,158,95,branco
8,181,83,branco
9,169,101,branco
12,178,106,branco
9,126,107,branco
11,124,101,branco
10,105,104,branco
15,97,118,branco
13,108,113,branco
14,127,104,branco
13,139,99,branco
13,140,104,branco
13,131,107,branco
11,179,84,branco
8,160,94,branco
8,183,82,branco
9,168,102,branco
9,164,104,branco
9,147,97,branco
9,137,104,branco
9,135,106,branco
10,136,103,branco
11,149,89,branco
15,99,116,branco
13,109,112,branco
14,130,102,branco
14,140,102,branco
13,136,107,branco
12,137,99,branco
9,119,111,branco
9,123,108,branco
11,142,104,branco
11,171,91,branco
12,155,94,branco
11,151,93,branco
11,149,94,branco
9,136,105,branco
9,130,110,branco
9,132,108,branco
10,113,106,branco
15,100,115,branco
13,111,110,branco
14,131,101,branco
14,139,103,branco
13,135,108,branco
11,124,111,branco
11,125,110,branco
8,154,98,branco
8,175,86,branco
12,160,91,branco
12,158,92,branco
12,150,97,branco
13,158,89,branco
13,167,84,branco
12,154,88,branco
12,147,92,branco
9,133,107,branco
10,114,105,branco
14,133,100,branco
14,139,108,branco
12,131,103,branco
11,123,112,branco
11,127,108,branco
10,170,84,branco
12,153,95,branco
12,156,93,branco
13,145,97,branco
13,156,90,branco
13,169,83,branco
12,152,89,branco
12,144,94,branco
9,140,102,branco
9,141,101,branco
10,115,104,branco
15,102,112,branco
13,114,107,branco
14,136,105,branco
12,153,110,branco
10,177,88,branco
8,169,89,branco
12,147,99,branco
13,151,93,branco
13,154,91,branco
13,152,92,branco
13,163,86,branco
13,173,81,branco
13,143,98,branco
10,137,106,branco
10,140,104,branco
10,135,106,branco
11,135,104,branco
14,133,107,branco
14,137,110,branco
13,132,110,branco
13,137,106,branco
13,148,107,branco
8,162,93,branco
8,164,92,branco
12,151,88,branco
12,155,87,branco
12,149,91,branco
13,149,94,branco
13,159,88,branco
13,148,95,branco
13,142,99,branco
12,145,100,branco
9,152,99,branco
10,138,105,branco
10,121,105,branco
15,103,111,branco
14,133,111,branco
15,135,113,branco
14,133,113,branco
13,133,109,branco
13,136,103,branco
10,155,92,branco
12,155,99,branco
13,145,109,branco
13,155,105,branco
12,174,101,branco
8,148,102,branco
9,147,104,branco
9,174,91,branco
12,151,86,branco
12,158,84,branco
12,145,93,branco
13,152,99,branco
13,150,100,branco
13,149,101,branco
10,124,103,branco
15,104,110,branco
14,126,105,branco
14,131,113,branco
15,133,115,branco
14,132,114,branco
14,136,111,branco
13,154,106,branco
12,176,100,branco
8,146,103,branco
9,146,105,branco
9,170,93,branco
9,176,90,branco
9,180,88,branco
12,155,84,branco
12,162,82,branco
12,142,95,branco
13,145,104,branco
11,139,101,branco
15,105,109,branco
14,130,114,branco
14,134,112,branco
11,152,92,branco
13,142,111,branco
13,153,107,branco
12,178,99,branco
9,164,92,branco
9,167,90,branco
9,171,88,branco
8,164,90,branco
11,151,88,branco
9,151,105,branco
15,107,107,branco
14,123,108,branco
14,131,115,branco
13,149,106,branco
8,143,105,branco
8,166,89,branco
8,168,88,branco
8,170,87,branco
9,173,87,branco
12,157,83,branco
11,152,87,branco
14,122,109,branco
14,129,115,branco
15,132,116,branco
14,130,116,branco
13,129,113,branco
13,129,109,branco
9,182,87,branco
9,184,86,branco
8,142,106,branco
8,174,85,branco
8,180,82,branco
9,186,81,branco
11,172,77,branco
11,158,84,branco
9,149,106,branco
11,141,105,branco
14,111,108,branco
14,127,116,branco
15,131,117,branco
14,129,117,branco
13,128,118,branco
13,132,114,branco
11,173,87,branco
10,179,81,branco
9,183,82,branco
9,144,106,branco
8,176,84,branco
8,178,83,branco
9,185,77,branco
8,192,77,branco
10,182,80,branco
10,133,107,branco
11,116,108,branco
13,113,108,branco
12,113,115,branco
13,126,109,branco
13,125,116,branco
14,128,118,branco
13,130,120,branco
13,131,119,branco
13,136,116,branco
10,142,113,branco
12,180,98,branco
9,165,99,branco
9,169,89,branco
10,178,79,branco
9,181,79,branco
11,171,109,branco
11,169,110,branco
8,159,93,branco
9,142,106,branco
9,141,107,branco
12,112,116,branco
13,126,115,branco
12,181,97,branco
9,163,100,branco
11,154,78,branco
12,161,81,branco
11,174,107,branco
11,172,108,branco
12,168,105,branco
9,155,105,branco
9,143,105,branco
8,158,87,branco
8,155,89,branco
8,141,98,branco
7,143,93,branco
9,139,103,branco
9,137,99,branco
9,135,100,branco
12,111,117,branco
13,124,113,branco
13,130,112,branco
11,182,94,branco
12,163,80,branco
8,148,93,branco
13,115,109,branco
13,122,115,branco
12,138,116,branco
11,181,76,branco
12,169,77,branco
10,174,82,branco
13,173,100,branco
13,118,106,branco
13,132,118,branco
10,145,120,branco
11,163,86,branco
10,180,78,branco
11,179,77,branco
11,174,76,branco
11,169,74,branco
11,177,75,branco
8,148,86,branco
8,147,87,branco
10,170,75,branco
13,179,91,branco
13,121,103,branco
12,115,113,branco
10,182,77,branco
10,185,76,branco
11,184,75,branco
11,174,72,branco
11,179,74,branco
8,140,84,branco
12,184,79,branco
13,183,82,branco
9,151,108,branco
13,157,104,branco
13,158,103,branco
13,125,100,branco
13,134,116,branco
11,141,119,branco
10,146,119,branco
10,150,112,branco
11,186,74,branco
10,177,72,branco
10,172,74,branco
8,134,82,branco
8,137,80,branco
8,144,76,branco
10,176,68,branco
10,166,66,branco
12,183,71,branco
13,192,73,branco
12,189,77,branco
12,182,80,branco
13,160,102,branco
13,172,98,branco
13,163,103,branco
13,127,110,branco
13,124,117,branco
13,135,115,branco
11,140,120,branco
10,148,114,branco
11,189,73,branco
9,182,73,branco
10,171,64,branco
9,157,65,branco
11,179,67,branco
13,186,67,branco
12,188,69,branco
11,184,72,branco
13,170,99,branco
13,168,100,branco
13,168,97,branco
13,133,117,branco
10,143,121,branco
8,132,89,branco
10,148,86,branco
7,148,62,branco
11,161,65,branco
12,180,65,branco
11,187,64,branco
11,190,63,branco
10,193,66,branco
13,165,102,branco
13,167,101,branco
9,139,97,branco
12,118,110,branco
8,127,92,branco
8,136,86,branco
10,145,88,branco
9,155,66,branco
9,147,59,branco
11,163,58,branco
12,166,60,branco
11,169,62,branco
12,178,63,branco
10,179,67,branco
10,182,70,branco
13,116,108,branco
13,120,117,branco
8,129,99,branco
9,159,64,branco
11,155,51,branco
13,156,54,branco
12,156,59,branco
10,155,64,branco
8,158,66,branco
9,169,68,branco
8,180,71,branco
8,149,87,branco
9,162,71,branco
9,162,63,branco
11,146,49,branco
12,147,52,branco
11,139,57,branco
8,161,65,branco
8,173,68,branco
8,177,78,branco
12,177,91,branco
13,117,107,branco
13,127,114,branco
10,179,87,branco
8,146,94,branco
9,167,61,branco
7,156,59,branco
9,152,57,branco
11,127,54,branco
11,127,56,branco
8,161,92,branco
12,175,92,branco
9,178,86,branco
9,176,87,branco
9,170,60,branco
9,173,56,branco
9,164,53,branco
6,140,53,branco
10,110,58,branco
12,105,56,branco
8,141,78,branco
8,144,85,branco
8,142,97,branco
8,145,95,branco
13,112,112,branco
13,125,112,branco
9,167,52,branco
10,95,59,branco
12,98,60,branco
10,101,63,branco
11,112,64,branco
10,124,68,branco
9,129,75,branco
8,128,82,branco
7,141,94,branco
9,128,106,branco
13,109,115,branco
11,112,118,branco
13,131,115,branco
12,133,115,branco
12,143,116,branco
9,182,84,branco
8,163,91,branco
8,163,61,branco
7,161,57,branco
7,136,60,branco
8,120,66,branco
9,116,64,branco
11,116,68,branco
11,124,72,branco
10,131,76,branco
9,126,81,branco
8,143,96,branco
13,104,120,branco
11,111,119,branco
12,122,119,branco
11,131,113,branco
10,137,117,branco
10,140,115,branco
7,143,64,branco
12,167,67,branco
11,169,71,branco
11,160,75,branco
12,159,82,branco
12,98,115,branco
12,107,121,branco
11,118,119,branco
10,120,119,branco
10,126,113,branco
11,132,112,branco
11,130,114,branco
8,172,80,branco
8,163,80,branco
8,135,81,branco
13,178,79,branco
12,163,89,branco
13,128,98,branco
11,113,117,branco
10,122,117,branco
11,133,111,branco
8,168,82,branco
8,134,78,branco
12,165,88,branco
12,96,117,branco
12,107,122,branco
10,123,116,branco
11,173,81,branco
8,133,88,branco
12,94,119,branco
12,105,124,branco
11,117,120,branco
8,164,84,branco
12,93,121,branco
12,104,125,branco
11,111,120,branco
10,125,114,branco
10,172,105,branco
11,151,91,branco
11,134,93,branco
11,176,106,branco
10,176,103,branco
13,130,96,branco
12,106,123,branco
10,121,118,branco
10,124,115,branco
10,174,104,branco
10,178,102,branco
11,137,91,branco
12,108,120,branco
10,118,121,branco
12,144,115,branco
10,169,107,branco
10,171,106,branco
13,133,94,branco
12,109,119,branco
8,158,105,branco
13,132,95,branco
12,110,118,branco
8,159,104,branco
8,156,106,branco
8,149,82,branco
8,159,77,branco
8,151,81,branco
8,159,106,branco
8,157,107,branco
11,129,115,branco
11,181,86,branco
11,179,87,branco
9,162,101,branco
11,129,97,branco
10,194,83,branco
11,192,81,branco
11,187,83,branco
11,177,88,branco
7,159,109,branco
8,156,108,branco
12,96,114,branco
13,108,116,branco
8,163,75,branco
11,190,79,branco
11,193,78,branco
11,188,80,branco
8,155,107,branco
12,95,116,branco
13,113,111,branco
12,115,115,branco
12,124,117,branco
13,136,111,branco
13,139,108,branco
13,142,106,branco
9,154,106,branco
9,153,107,branco
9,150,109,branco
13,93,112,branco
14,106,113,branco
13,119,116,branco
13,121,116,branco
13,133,113,branco
8,154,103,branco
8,147,83,branco
8,167,78,branco
8,169,77,branco
13,168,103,branco
13,96,109,branco
14,107,112,branco
13,118,117,branco
13,118,119,branco
13,130,116,branco
13,134,112,branco
8,152,104,branco
13,134,93,branco
13,98,107,branco
14,108,111,branco
13,116,119,branco
13,116,121,branco
13,141,107,branco
8,151,105,branco
13,99,106,branco
13,111,113,branco
13,115,120,branco
12,139,110,branco
13,110,114,branco
13,114,121,branco
13,117,120,branco
13,119,118,branco
13,94,111,branco
14,104,115,branco
8,155,102,branco
13,124,101,branco
13,90,116,branco
14,102,118,branco
13,129,117,branco
13,119,105,branco
10,136,107,branco
8,157,101,branco
13,148,102,branco
13,89,117,branco
13,123,114,branco
9,141,112,branco
10,133,109,branco
7,140,80,branco
8,156,88,branco
13,143,105,branco
13,120,104,branco
13,89,118,branco
10,138,116,branco
10,139,117,branco
10,144,117,branco
9,136,116,branco
10,132,110,branco
8,142,77,branco
8,158,100,branco
7,139,81,branco
13,88,119,branco
14,102,117,branco
10,143,118,branco
9,135,117,branco
9,129,111,branco
8,136,75,branco
8,134,76,branco
8,160,99,branco
13,123,102,branco
13,87,120,branco
8,138,74,branco
8,132,77,branco
9,167,98,branco
8,161,98,branco
8,146,84,branco
13,134,105,branco
13,117,118,branco
9,139,114,branco
8,129,85,branco
6,129,73,branco
6,123,77,branco
9,168,97,branco
8,163,97,branco
8,153,85,branco
8,151,86,branco
8,148,88,branco
7,147,90,branco
9,161,108,branco
12,89,123,branco
12,112,118,branco
10,141,119,branco
10,143,114,branco
9,131,109,branco
8,129,101,branco
8,135,87,branco
6,137,78,branco
6,134,80,branco
9,170,96,branco
7,146,91,branco
8,150,92,branco
8,139,99,branco
12,92,119,branco
13,106,118,branco
12,111,119,branco
12,117,116,branco
12,125,116,branco
12,129,113,branco
10,136,114,branco
8,134,103,branco
7,136,92,branco
6,161,73,branco
6,164,73,branco
7,158,79,branco
7,140,89,branco
6,141,83,branco
12,93,118,branco
8,132,104,branco
7,135,98,branco
6,152,84,branco
6,148,86,branco
10,135,108,branco
11,139,108,branco
11,142,106,branco
12,113,117,branco
12,150,112,branco
7,134,99,branco
7,131,101,branco
7,129,103,branco
8,130,106,branco
6,143,82,branco
12,94,117,branco
13,106,116,branco
8,126,109,branco
6,145,81,branco
12,145,116,branco
8,134,110,branco
8,132,112,branco
6,147,80,branco
12,127,114,branco
12,148,114,branco
6,148,79,branco
12,95,115,branco
13,107,114,branco
12,126,115,branco
11,134,116,branco
12,97,113,branco
12,114,116,branco
12,123,118,branco
12,130,118,branco
8,129,91,branco
8,130,90,branco
12,116,114,branco
12,131,117,branco
8,138,100,branco
8,130,94,branco
8,125,104,branco
12,118,112,branco
11,124,113,branco
12,132,116,branco
6,139,79,branco
6,141,78,branco
8,136,90,branco
7,126,89,branco
8,132,93,branco
8,126,103,branco
12,119,111,branco
10,144,113,branco
10,146,112,branco
12,170,99,branco
13,172,95,branco
13,172,92,branco
8,135,91,branco
7,130,86,branco
7,132,85,branco
8,125,98,branco
8,128,102,branco
8,135,102,branco
9,142,115,branco
9,143,114,branco
10,149,113,branco
9,148,110,branco
5,143,80,branco
6,150,73,branco
8,131,99,branco
8,129,95,branco
7,134,84,branco
7,135,83,branco
8,139,88,branco
8,133,98,branco
9,138,118,branco
8,135,117,branco
8,136,116,branco
10,145,116,branco
8,142,111,branco
9,138,111,branco
13,175,96,branco
6,152,72,branco
7,158,71,branco
7,133,100,branco
8,126,97,branco
8,134,118,branco
9,141,116,branco
8,146,108,branco
7,140,111,branco
9,137,112,branco
13,174,97,branco
5,145,79,branco
4,136,77,branco
4,139,75,branco
4,141,74,branco
8,157,70,branco
6,122,96,branco
7,129,87,branco
6,130,90,branco
8,128,96,branco
13,101,114,branco
8,137,115,branco
9,144,113,branco
8,159,69,branco
14,103,116,branco
14,107,117,branco
13,121,120,branco
8,161,103,branco
8,163,102,branco
9,125,98,branco
15,111,117,branco
11,154,68,branco
8,156,103,branco
8,158,102,branco
8,152,106,branco
8,150,107,branco
8,148,107,branco
8,149,106,branco
10,126,95,branco
10,125,96,branco
6,133,73,branco
8,153,108,branco
9,124,99,branco
10,123,104,branco
12,137,106,branco
13,126,119,branco
6,131,74,branco
9,122,100,branco
13,125,120,branco
6,136,71,branco
11,156,67,branco
11,143,105,branco
9,119,103,branco
9,120,102,branco
8,165,71,branco
8,161,68,branco
6,147,66,branco
13,124,121,branco
8,163,64,branco
6,154,63,branco
6,149,65,branco
14,105,114,branco
15,114,114,branco
13,123,118,branco
11,150,121,branco
7,141,65,branco
7,153,60,branco
7,150,61,branco
8,142,104,branco
11,131,105,branco
15,110,118,branco
15,108,120,branco
13,122,119,branco
11,151,120,branco
7,139,66,branco
15,109,119,branco
8,152,109,branco
11,175,89,branco
6,129,67,branco
7,132,62,branco
7,134,61,branco
6,145,67,branco
9,158,110,branco
14,99,121,branco
15,107,121,branco
7,146,56,branco
13,120,121,branco
5,134,57,branco
5,137,56,branco
5,123,62,branco
5,121,63,branco
10,163,111,branco
9,165,113,branco
9,168,111,branco
9,171,109,branco
10,166,109,branco
14,101,119,branco
15,113,115,branco
13,123,122,branco
5,139,55,branco
5,142,54,branco
5,125,61,branco
5,120,64,branco
12,165,68,branco
10,162,112,branco
10,168,114,branco
9,169,110,branco
10,165,110,branco
10,131,111,branco
14,97,124,branco
15,106,123,branco
13,113,122,branco
11,168,114,branco
12,158,118,branco
12,156,119,branco
12,155,120,branco
13,172,111,branco
13,171,112,branco
13,169,113,branco
9,154,63,branco
5,118,65,branco
12,146,68,branco
12,157,70,branco
12,164,67,branco
12,163,69,branco
11,174,110,branco
11,168,111,branco
9,140,113,branco
13,111,124,branco
13,117,124,branco
10,160,113,branco
12,166,106,branco
9,146,112,branco
12,172,113,branco
13,177,108,branco
13,178,110,branco
13,177,111,branco
13,174,110,branco
13,175,109,branco
8,165,96,branco
13,152,69,branco
12,161,68,branco
12,159,69,branco
11,166,72,branco
11,162,74,branco
10,135,115,branco
13,112,123,branco
13,118,123,branco
13,180,109,branco
9,174,94,branco
12,144,69,branco
9,137,115,branco
10,133,117,branco
13,168,114,branco
13,171,106,branco
13,175,112,branco
9,177,92,branco
6,126,69,branco
12,154,71,branco
12,152,72,branco
10,132,118,branco
14,100,120,branco
13,165,110,branco
13,168,108,branco
9,172,95,branco
7,129,71,branco
6,131,72,branco
11,145,72,branco
11,143,73,branco
15,107,122,branco
13,174,114,branco
13,166,115,branco
13,179,107,branco
14,97,123,branco
11,133,117,branco
10,136,118,branco
13,157,107,branco
12,129,119,branco
10,132,122,branco
11,118,112,branco
10,135,119,branco
8,166,66,branco
6,143,68,branco
11,147,64,branco
11,136,111,branco
10,142,115,branco
11,166,112,branco
11,163,114,branco
11,162,115,branco
11,160,116,branco
11,165,113,branco
10,138,72,branco
8,138,85,branco
7,166,80,branco
7,164,87,branco
4,133,69,branco
11,171,112,branco
11,169,113,branco
11,166,115,branco
11,165,116,branco
11,172,111,branco
6,154,76,branco
7,160,78,branco
7,156,88,branco
7,150,97,branco
8,145,109,branco
11,162,118,branco
11,143,123,branco
11,144,122,branco
5,129,69,branco
8,142,86,branco
9,175,70,branco
5,146,70,branco
4,147,71,branco
5,155,74,branco
6,156,77,branco
5,151,88,branco
6,143,98,branco
7,141,110,branco
8,145,114,branco
9,157,114,branco
10,166,115,branco
10,162,118,branco
11,161,122,branco
10,164,67,branco
4,124,66,branco
5,127,70,branco
5,133,67,branco
9,131,66,branco
9,129,67,branco
6,140,84,branco
11,175,109,branco
14,105,119,branco
10,137,119,branco
13,140,113,branco
5,113,68,branco
4,117,70,branco
6,156,75,branco
6,147,87,branco
7,147,97,branco
8,144,110,branco
8,147,113,branco
10,169,113,branco
10,169,118,branco
12,152,116,branco
12,153,122,branco
10,165,65,branco
4,117,63,branco
4,119,62,branco
4,116,64,branco
4,135,68,branco
8,138,89,branco
11,123,102,branco
13,102,113,branco
14,108,116,branco
11,127,116,branco
10,141,116,branco
9,143,107,branco
9,132,116,branco
8,133,111,branco
13,154,109,branco
13,148,114,branco
13,150,107,branco
14,148,102,branco
13,135,102,branco
11,152,79,branco
10,162,66,branco
10,153,60,branco
7,110,58,branco
3,91,56,branco
5,99,59,branco
6,104,64,branco
5,116,66,branco
10,157,115,branco
11,169,116,branco
11,174,116,branco
12,166,117,branco
13,163,111,branco
12,146,115,branco
13,163,117,branco
12,159,119,branco
12,150,117,branco
10,135,68,branco
9,128,68,branco
10,127,66,branco
1,115,60,branco
4,125,59,branco
1,117,59,branco
4,121,61,branco
1,109,63,branco
4,114,65,branco
1,111,62,branco
1,108,64,branco
4,112,66,branco
1,103,67,branco
4,109,68,branco
1,101,68,branco
3,113,70,branco
5,142,72,branco
5,140,73,branco
6,138,70,branco
7,155,92,branco
7,154,93,branco
7,152,94,branco
7,150,95,branco
7,149,96,branco
7,144,99,branco
7,146,98,branco
7,143,100,branco
13,173,103,branco
13,174,104,branco
13,172,105,branco
13,169,107,branco
9,139,110,branco
13,99,116,branco
14,106,118,branco
12,108,123,branco
13,161,111,branco
14,152,114,branco
14,153,108,branco
14,146,103,branco
13,134,103,branco
12,148,79,branco
11,158,66,branco
5,100,56,branco
5,87,53,branco
3,89,57,branco
5,95,62,branco
6,114,65,branco
12,168,117,branco
12,163,119,branco
12,162,120,branco
12,160,118,branco
13,155,117,branco
13,162,110,branco
13,164,109,branco
13,159,112,branco
10,131,64,branco
3,124,64,branco
3,118,67,branco
5,114,67,branco
5,111,69,branco
3,110,72,branco
5,109,70,branco
3,108,73,branco
4,112,73,branco
6,141,76,branco
7,144,92,branco
13,167,104,branco
8,145,104,branco
8,121,97,branco
9,116,99,branco
14,165,111,branco
13,155,115,branco
13,153,110,branco
14,148,107,branco
13,138,105,branco
13,133,96,branco
12,143,82,branco
5,98,60,branco
6,102,65,branco
13,174,116,branco
13,173,115,branco
12,164,118,branco
13,164,121,branco
13,161,119,branco
13,166,109,branco
6,124,76,branco
9,131,74,branco
6,128,74,branco
9,133,73,branco
6,126,75,branco
8,131,76,branco
8,136,77,branco
11,164,76,branco
11,154,86,branco
13,161,98,branco
14,111,113,branco
13,168,111,branco
13,147,109,branco
13,145,107,branco
13,145,86,branco
8,113,61,branco
7,106,60,branco
6,105,63,branco
6,107,69,branco
9,124,70,branco
11,172,117,branco
12,177,117,branco
13,175,115,branco
12,172,114,branco
13,169,118,branco
13,166,121,branco
13,165,122,branco
12,164,120,branco
12,166,118,branco
9,136,75,branco
8,133,75,branco
10,141,76,branco
10,137,78,branco
12,164,81,branco
12,161,90,branco
13,166,97,branco
13,169,95,branco
13,175,92,branco
13,181,89,branco
13,181,90,branco
13,167,96,branco
13,176,90,branco
13,102,112,branco
14,114,110,branco
13,174,113,branco
13,152,106,branco
8,122,65,branco
9,126,69,branco
11,163,117,branco
11,169,119,branco
12,178,116,branco
13,181,113,branco
13,178,113,branco
12,175,111,branco
12,169,115,branco
13,171,118,branco
12,169,122,branco
12,169,124,branco
12,171,121,branco
12,174,119,branco
13,169,119,branco
12,169,116,branco
9,132,77,branco
11,152,82,branco
11,164,73,branco
12,165,79,branco
12,156,85,branco
13,162,85,branco
12,154,86,branco
13,158,87,branco
12,149,89,branco
12,178,90,branco
12,173,93,branco
13,164,92,branco
12,170,78,branco
13,177,78,branco
12,168,79,branco
12,166,80,branco
13,173,90,branco
13,178,89,branco
13,181,86,branco
13,186,85,branco
13,187,83,branco
13,195,81,branco
13,182,87,branco
13,177,88,branco
13,180,88,branco
13,184,86,branco
13,183,85,branco
12,187,82,branco
12,179,81,branco
12,177,82,branco
12,175,83,branco
12,173,84,branco
12,181,89,branco
14,115,109,branco
13,135,117,branco
13,137,115,branco
13,141,112,branco
12,148,119,branco
12,149,118,branco
13,176,113,branco
11,159,117,branco
11,165,119,branco
11,170,120,branco
12,180,115,branco
12,183,114,branco
13,181,111,branco
12,177,111,branco
12,174,113,branco
12,172,120,branco
12,173,121,branco
12,175,118,branco
13,172,117,branco
12,175,112,branco
9,154,111,branco
8,131,80,branco
11,151,83,branco
12,153,85,branco
12,152,87,branco
12,180,85,branco
12,184,83,branco
12,182,84,branco
12,167,78,branco
11,174,69,branco
12,175,67,branco
12,173,68,branco
12,168,70,branco
12,163,72,branco
12,165,82,branco
13,171,82,branco
13,180,78,branco
13,190,74,branco
13,185,76,branco
13,175,80,branco
12,180,75,branco
12,183,74,branco
12,176,77,branco
11,178,79,branco
12,194,79,branco
13,105,109,branco
13,103,111,branco
14,118,106,branco
13,137,117,branco
13,138,116,branco
13,142,113,branco
13,146,110,branco
13,151,115,branco
13,153,117,branco
13,151,120,branco
13,152,119,branco
13,160,116,branco
13,177,114,branco
12,171,115,branco
11,168,117,branco
11,171,118,branco
12,181,114,branco
12,178,110,branco
12,180,109,branco
13,156,80,branco
10,158,63,branco
10,166,60,branco
11,166,57,branco
9,159,61,branco
5,144,71,branco
4,145,72,branco
11,171,70,branco
11,176,68,branco
11,171,67,branco
11,174,66,branco
10,169,65,branco
11,179,64,branco
11,182,63,branco
11,185,76,branco
11,182,77,branco
11,175,80,branco
11,133,94,branco
8,139,79,branco
5,157,73,branco
8,141,49,branco
8,138,50,branco
8,130,51,branco
4,134,61,branco
4,136,62,branco
3,135,64,branco
3,138,63,branco
4,148,62,branco
6,157,60,branco
9,162,60,branco
9,170,57,branco
9,164,59,branco
7,164,56,branco
11,130,88,branco
11,125,92,branco
13,110,104,branco
14,94,108,branco
15,133,86,branco
18,131,84,branco
22,128,82,branco
24,127,84,branco
12,121,82,branco
12,124,80,branco
13,134,78,branco
13,132,79,branco
15,132,83,branco
15,125,86,branco
18,131,80,branco
22,124,80,branco
9,128,80,branco
10,129,83,branco
11,128,82,branco
10,126,79,branco
11,115,82,branco
13,118,82,branco
12,150,78,branco
10,136,79,branco
10,129,77,branco
10,133,75,branco
10,123,81,branco
9,111,87,branco
12,143,64,branco
12,148,67,branco
12,148,74,branco
12,146,75,branco
12,144,76,branco
12,142,77,branco
12,141,78,branco
11,123,85,branco
10,120,83,branco
11,152,52,branco
11,146,54,branco
13,150,56,branco
13,148,57,branco
11,146,61,branco
12,148,62,branco
12,146,63,branco
12,153,65,branco
12,150,73,branco
12,139,79,branco
12,127,86,branco
10,142,45,branco
8,138,48,branco
11,149,48,branco
11,152,47,branco
11,155,46,branco
12,156,49,branco
12,159,48,branco
11,161,49,branco
13,168,50,branco
13,165,51,branco
12,170,54,branco
12,153,60,branco
13,162,60,branco
12,158,63,branco
12,151,66,branco
12,142,70,branco
12,150,75,branco
12,154,76,branco
12,147,80,branco
12,145,81,branco
12,152,77,branco
12,138,85,branco
9,135,36,branco
10,148,38,branco
10,144,39,branco
10,140,40,branco
10,152,42,branco
10,145,44,branco
8,141,47,branco
8,144,46,branco
11,159,45,branco
12,163,47,branco
11,165,48,branco
13,172,49,branco
11,172,52,branco
12,158,58,branco
11,157,60,branco
12,163,61,branco
12,155,64,branco
12,159,74,branco
12,141,83,branco
12,140,84,branco
13,159,77,branco
13,155,79,branco
13,146,84,branco
13,151,81,branco
8,134,38,branco
9,147,33,branco
9,143,34,branco
9,138,35,branco
11,149,36,branco
11,145,37,branco
10,152,37,branco
9,139,44,branco
7,145,44,branco
8,154,43,branco
8,151,44,branco
11,143,48,branco
11,146,47,branco
11,150,46,branco
12,153,50,branco
13,162,52,branco
13,159,53,branco
13,164,53,branco
12,164,56,branco
12,161,57,branco
13,166,69,branco
14,164,73,branco
14,154,78,branco
14,148,81,branco
14,144,83,branco
14,143,84,branco
14,158,79,branco
14,154,81,branco
13,149,84,branco
13,148,86,branco
13,147,87,branco
10,160,35,branco
10,165,34,branco
8,150,34,branco
11,153,35,branco
9,146,42,branco
9,142,43,branco
7,148,43,branco
7,152,42,branco
9,149,41,branco
11,164,42,branco
11,168,41,branco
11,162,44,branco
12,170,45,branco
12,167,55,branco
13,170,57,branco
13,171,61,branco
13,174,66,branco
13,162,71,branco
14,158,76,branco
14,150,80,branco
14,156,80,branco
14,151,83,branco
14,149,89,branco
14,144,92,branco
14,141,94,branco
8,138,37,branco
8,142,36,branco
8,146,35,branco
10,156,36,branco
11,158,34,branco
14,151,32,branco
14,147,33,branco
5,140,40,branco
9,153,40,branco
10,155,41,branco
12,154,38,branco
10,159,40,branco
13,172,43,branco
13,175,48,branco
12,184,50,branco
12,169,59,branco
15,180,61,branco
15,169,65,branco
15,159,69,branco
15,150,73,branco
15,144,76,branco
14,152,79,branco
14,152,82,branco
14,164,81,branco
14,158,84,branco
13,148,93,branco
5,127,36,branco
14,143,34,branco
9,127,38,branco
5,144,39,branco
3,131,39,branco
11,160,43,branco
13,183,53,branco
13,187,56,branco
15,166,66,branco
15,154,71,branco
15,148,74,branco
13,147,78,branco
13,159,80,branco
14,156,85,branco
14,166,86,branco
10,148,43,branco
10,137,41,branco
9,131,37,branco
5,124,35,branco
5,128,34,branco
2,113,34,branco
5,131,33,branco
5,135,32,branco
15,143,32,branco
5,120,36,branco
5,124,37,branco
0,118,39,branco
12,150,39,branco
12,147,40,branco
13,159,40,branco
11,153,45,branco
13,164,45,branco
12,166,46,branco
13,179,47,branco
12,195,47,branco
13,198,49,branco
13,179,54,branco
14,170,60,branco
13,158,66,branco
15,157,70,branco
13,151,76,branco
14,156,77,branco
14,160,78,branco
13,166,77,branco
13,168,76,branco
13,172,80,branco
13,170,81,branco
7,139,46,branco
7,142,45,branco
2,116,33,branco
11,162,33,branco
14,156,31,branco
14,162,30,branco
15,158,29,branco
0,113,36,branco
0,121,38,branco
11,156,44,branco
13,200,42,branco
12,200,46,branco
13,176,55,branco
13,163,64,branco
12,156,75,branco
13,168,73,branco
13,171,73,branco
13,175,73,branco
12,172,77,branco
9,158,55,branco
8,158,50,branco
8,146,47,branco
6,138,48,branco
5,125,47,branco
5,130,45,branco
8,123,31,branco
8,120,32,branco
0,105,34,branco
0,108,33,branco
2,120,32,branco
12,170,33,branco
15,165,31,branco
17,162,30,branco
15,153,30,branco
11,145,30,branco
2,109,35,branco
178,113,36,branco
5,117,37,branco
11,128,34,branco
11,141,38,branco
12,144,39,branco
12,178,43,branco
11,184,43,branco
13,191,44,branco
13,183,46,branco
12,171,58,branco
11,166,63,branco
12,171,64,branco
12,161,73,branco
13,167,75,branco
12,171,79,branco
12,167,81,branco
10,169,59,branco
6,151,49,branco
6,141,47,branco
5,122,48,branco
5,127,46,branco
9,136,45,branco
5,104,32,branco
0,102,35,branco
12,156,36,branco
15,150,34,branco
17,147,33,branco
15,139,33,branco
11,131,33,branco
2,106,36,branco
178,110,37,branco
8,113,34,branco
11,176,45,branco
11,172,46,branco
11,168,47,branco
11,175,51,branco
12,173,53,branco
10,171,58,branco
11,177,59,branco
9,165,62,branco
10,174,57,branco
9,170,51,branco
8,161,49,branco
5,120,49,branco
3,109,47,branco
5,125,45,branco
9,133,46,branco
8,131,39,branco
5,114,38,branco
5,100,33,branco
5,98,34,branco
0,90,34,branco
175,93,33,branco
0,93,33,branco
11,124,35,branco
14,138,35,branco
15,146,35,branco
17,138,35,branco
15,135,34,branco
174,110,37,branco
0,99,36,branco
11,108,33,branco
8,147,45,branco
9,164,45,branco
10,172,49,branco
11,180,58,branco
12,163,83,branco
10,178,56,branco
7,163,50,branco
6,135,49,branco
4,120,51,branco
5,115,51,branco
1,109,49,branco
7,133,48,branco
8,124,41,branco
8,128,40,branco
12,160,35,branco
5,121,38,branco
0,107,38,branco
8,116,33,branco
9,161,46,branco
9,157,47,branco
10,162,52,branco
12,156,72,branco
11,156,85,branco
13,154,81,branco
12,181,62,branco
9,173,59,branco
9,155,56,branco
6,130,51,branco
4,122,50,branco
1,114,49,branco
4,125,49,branco
8,165,48,branco
10,168,50,branco
9,154,48,branco
3,121,42,branco
5,134,42,branco
5,137,41,branco
9,157,39,branco
5,130,43,branco
5,143,41,branco
7,155,41,branco
8,158,42,branco
9,172,43,branco
10,175,48,branco
10,173,53,branco
12,187,60,branco
13,156,88,branco
13,160,91,branco
12,159,85,branco
11,177,65,branco
10,176,61,branco
6,127,52,branco
8,155,51,branco
10,165,51,branco
9,168,44,branco
5,140,42,branco
5,147,40,branco
10,163,39,branco
5,136,43,branco
5,133,44,branco
8,121,42,branco
8,150,46,branco
11,174,60,branco
12,184,61,branco
13,181,69,branco
11,141,85,branco
11,145,86,branco
11,147,85,branco
12,161,84,branco
10,170,63,branco
4,130,55,branco
8,144,55,branco
10,153,55,branco
10,156,54,branco
8,149,53,branco
9,151,49,branco
8,156,44,branco
5,127,44,branco
7,136,47,branco
8,143,48,branco
11,158,50,branco
10,161,57,branco
13,160,86,branco
13,167,90,branco
11,126,75,branco
11,124,76,branco
11,123,77,branco
11,142,88,branco
11,144,87,branco
13,164,84,branco
12,173,75,branco
10,160,62,branco
10,148,57,branco
8,135,51,branco
10,150,56,branco
9,145,51,branco
5,148,38,branco
9,148,50,branco
10,158,58,branco
13,184,68,branco
13,165,85,branco
12,134,74,branco
12,136,86,branco
13,144,87,branco
13,158,95,branco
13,160,94,branco
13,162,93,branco
13,173,87,branco
13,177,85,branco
13,181,83,branco
13,173,84,branco
12,174,76,branco
13,178,70,branco
12,177,62,branco
11,160,59,branco
8,152,52,branco
9,161,38,branco
10,159,53,branco
12,171,76,branco
14,113,81,branco
13,128,82,branco
12,128,78,branco
11,138,76,branco
13,139,90,branco
13,143,89,branco
13,140,89,branco
13,145,88,branco
13,142,88,branco
12,146,91,branco
12,141,92,branco
12,144,92,branco
13,167,93,branco
13,169,92,branco
13,171,91,branco
13,169,89,branco
13,171,88,branco
13,171,85,branco
12,179,74,branco
12,181,72,branco
12,183,64,branco
11,171,61,branco
11,168,56,branco
11,168,53,branco
10,170,54,branco
10,173,62,branco
20,107,62,branco
20,102,65,branco
16,91,73,branco
17,98,73,branco
17,94,76,branco
15,95,86,branco
13,124,84,branco
13,135,85,branco
12,134,82,branco
11,126,91,branco
10,132,91,branco
11,139,90,branco
12,143,93,branco
13,150,92,branco
13,151,91,branco
13,173,93,branco
13,171,94,branco
13,179,87,branco
13,179,84,branco
13,184,79,branco
13,182,77,branco
12,184,72,branco
12,173,65,branco
12,174,63,branco
11,172,55,branco
9,165,37,branco
8,155,33,branco
8,168,41,branco
6,161,46,branco
24,60,102,branco
22,78,82,branco
22,84,76,branco
16,104,64,branco
16,92,72,branco
14,89,77,branco
14,94,73,branco
14,96,72,branco
13,102,80,branco
12,119,92,branco
13,137,91,branco
14,154,93,branco
14,157,91,branco
13,156,93,branco
13,155,94,branco
13,154,98,branco
13,186,81,branco
13,187,75,branco
12,185,73,branco
12,189,70,branco
12,170,66,branco
12,180,61,branco
6,133,50,branco
5,160,35,branco
10,175,32,branco
8,166,40,branco
8,162,41,branco
6,172,43,branco
8,172,46,branco
9,161,54,branco
22,76,87,branco
21,93,74,branco
19,101,73,branco
19,103,72,branco
17,101,73,branco
17,99,75,branco
13,91,81,branco
13,89,83,branco
13,88,84,branco
13,102,85,branco
12,135,87,branco
13,142,90,branco
12,135,98,branco
12,134,99,branco
13,163,89,branco
14,167,90,branco
14,157,96,branco
13,156,100,branco
13,157,101,branco
13,177,92,branco
12,173,78,branco
12,183,60,branco
12,192,57,branco
12,184,54,branco
8,153,45,branco
6,154,43,branco
7,168,38,branco
8,174,38,branco
8,170,39,branco
10,172,37,branco
10,168,38,branco
7,159,40,branco
11,170,42,branco
11,166,43,branco
7,154,53,branco
7,151,54,branco
8,160,62,branco
22,81,91,branco
22,90,82,branco
19,100,79,branco
18,105,78,branco
15,102,80,branco
15,101,83,branco
15,98,86,branco
13,93,90,branco
13,92,91,branco
13,95,89,branco
11,105,90,branco
12,131,101,branco
12,133,100,branco
13,162,96,branco
15,163,94,branco
14,158,95,branco
14,161,98,branco
13,159,98,branco
14,160,99,branco
13,162,99,branco
13,158,100,branco
12,178,73,branco
11,182,66,branco
12,186,63,branco
7,160,51,branco
6,154,48,branco
6,157,47,branco
6,144,46,branco
4,133,46,branco
20,107,79,branco
19,106,82,branco
17,103,89,branco
16,108,87,branco
15,101,88,branco
14,101,91,branco
13,100,97,branco
11,94,100,branco
11,98,96,branco
12,115,95,branco
14,157,101,branco
15,163,100,branco
14,167,99,branco
13,164,98,branco
14,169,98,branco
13,170,102,branco
12,174,97,branco
13,183,89,branco
12,183,88,branco
12,178,76,branco
12,176,74,branco
11,184,65,branco
7,157,52,branco
4,135,53,branco
10,156,59,branco
9,149,58,branco
8,159,64,branco
21,120,81,branco
18,109,89,branco
18,103,97,branco
17,109,94,branco
15,112,96,branco
13,147,99,branco
13,153,95,branco
12,156,98,branco
12,158,97,branco
13,154,104,branco
15,162,101,branco
14,166,100,branco
13,172,101,branco
13,175,99,branco
13,179,97,branco
12,185,87,branco
10,181,79,branco
11,184,68,branco
11,186,67,branco
8,158,63,branco
6,160,59,branco
7,158,58,branco
8,166,63,branco
20,115,89,branco
19,114,94,branco
17,109,98,branco
16,111,101,branco
15,113,102,branco
14,119,101,branco
13,124,99,branco
14,147,97,branco
14,151,98,branco
14,150,100,branco
13,145,100,branco
13,153,102,branco
13,165,94,branco
13,163,97,branco
13,160,99,branco
14,164,101,branco
14,171,100,branco
14,173,99,branco
14,174,98,branco
14,173,100,branco
14,172,101,branco
14,170,102,branco
14,167,104,branco
13,177,101,branco
13,180,99,branco
13,185,98,branco
13,183,99,branco
13,187,97,branco
13,183,95,branco
12,182,91,branco
9,179,84,branco
11,189,66,branco
10,184,65,branco
10,187,64,branco
11,185,62,branco
10,180,61,branco
8,171,61,branco
8,174,63,branco
8,167,61,branco
8,166,60,branco
6,149,58,branco
6,152,57,branco
6,155,56,branco
8,169,59,branco
9,176,58,branco
8,169,62,branco
8,173,59,branco
8,180,61,branco
8,171,64,branco
19,112,96,branco
18,109,101,branco
17,113,102,branco
16,117,100,branco
15,115,106,branco
15,126,103,branco
14,134,99,branco
13,141,98,branco
14,146,98,branco
14,152,99,branco
14,154,98,branco
14,155,97,branco
13,164,95,branco
13,165,96,branco
14,168,103,branco
13,181,100,branco
13,179,101,branco
10,191,84,branco
10,185,84,branco
9,184,83,branco
8,183,81,branco
7,176,81,branco
7,179,80,branco
8,179,77,branco
8,181,76,branco
9,180,75,branco
9,184,72,branco
9,187,71,branco
10,188,68,branco
10,190,63,branco
11,188,61,branco
10,193,62,branco
9,179,64,branco
8,180,65,branco
8,169,65,branco
8,165,62,branco
8,162,63,branco
6,155,61,branco
5,151,59,branco
5,157,57,branco
5,159,56,branco
5,162,55,branco
5,165,54,branco
5,168,53,branco
5,172,52,branco
6,176,55,branco
8,183,57,branco
10,189,58,branco
8,177,62,branco
10,183,60,branco
8,189,58,branco
10,196,56,branco
8,186,59,branco
10,192,57,branco
8,183,60,branco
7,175,64,branco
7,178,63,branco
6,170,63,branco
8,176,58,branco
8,179,57,branco
9,174,66,branco
19,109,98,branco
18,110,100,branco
17,119,101,branco
17,122,100,branco
15,120,108,branco
15,131,105,branco
13,144,101,branco
14,154,96,branco
14,157,94,branco
14,163,91,branco
14,169,89,branco
13,160,97,branco
14,179,97,branco
15,184,97,branco
15,180,99,branco
15,179,100,branco
15,177,101,branco
14,178,103,branco
13,179,104,branco
13,184,101,branco
13,188,99,branco
13,190,98,branco
13,188,102,branco
13,186,103,branco
10,196,82,branco
10,201,80,branco
10,206,78,branco
10,197,79,branco
7,179,81,branco
7,174,79,branco
7,177,78,branco
7,174,76,branco
7,177,75,branco
8,176,74,branco
8,182,70,branco
9,183,67,branco
10,196,61,branco
9,185,66,branco
8,188,68,branco
8,178,66,branco
8,175,67,branco
8,182,56,branco
8,185,55,branco
4,164,56,branco
4,167,55,branco
4,170,54,branco
4,173,53,branco
4,177,52,branco
4,180,51,branco
6,190,51,branco
10,203,59,branco
8,196,60,branco
10,200,60,branco
8,189,62,branco
8,186,63,branco
8,199,59,branco
10,207,58,branco
8,192,61,branco
7,181,62,branco
6,183,64,branco
6,180,65,branco
6,178,66,branco
6,175,67,branco
7,173,65,branco
6,173,68,branco
7,170,66,branco
6,176,61,branco
10,174,69,branco
17,116,99,branco
16,116,101,branco
16,121,105,branco
15,127,108,branco
14,132,108,branco
14,142,106,branco
15,146,105,branco
14,149,106,branco
14,152,104,branco
13,159,101,branco
14,163,97,branco
14,165,91,branco
13,181,93,branco
14,181,96,branco
13,179,100,branco
13,188,95,branco
13,194,92,branco
13,199,91,branco
13,201,90,branco
13,195,93,branco
11,186,92,branco
11,181,83,branco
11,183,82,branco
11,186,81,branco
11,201,75,branco
11,206,73,branco
11,209,72,branco
10,199,73,branco
7,172,77,branco
6,166,77,branco
6,168,76,branco
7,169,74,branco
8,170,72,branco
9,171,67,branco
10,177,62,branco
9,194,59,branco
8,187,56,branco
8,192,57,branco
8,190,55,branco
8,192,53,branco
6,181,52,branco
6,185,51,branco
6,189,50,branco
6,193,49,branco
4,156,59,branco
4,158,58,branco
6,186,52,branco
9,191,60,branco
9,185,62,branco
9,182,63,branco
9,194,63,branco
9,191,64,branco
8,183,64,branco
7,184,61,branco
6,170,69,branco
6,168,70,branco
6,165,71,branco
7,160,70,branco
10,182,66,branco
13,115,100,branco
14,120,100,branco
14,121,103,branco
15,142,97,branco
14,144,103,branco
15,142,108,branco
15,149,106,branco
15,160,102,branco
15,168,97,branco
14,178,96,branco
14,173,96,branco
13,179,94,branco
13,177,98,branco
13,184,104,branco
13,191,100,branco
13,196,95,branco
14,184,100,branco
13,190,86,branco
12,193,86,branco
12,195,85,branco
12,197,84,branco
10,180,71,branco
10,185,69,branco
10,190,67,branco
8,170,60,branco
8,171,58,branco
8,174,57,branco
8,181,55,branco
8,184,54,branco
8,188,53,branco
9,186,52,branco
7,173,53,branco
7,177,52,branco
6,173,50,branco
6,177,49,branco
7,170,48,branco
6,167,52,branco
7,167,49,branco
5,185,55,branco
5,182,56,branco
5,173,59,branco
5,176,58,branco
5,179,57,branco
5,167,61,branco
6,162,60,branco
8,177,59,branco
8,174,60,branco
7,167,67,branco
7,163,69,branco
12,113,104,branco
13,122,100,branco
13,129,99,branco
14,135,98,branco
14,145,102,branco
15,153,100,branco
15,161,98,branco
15,165,102,branco
14,163,105,branco
14,161,106,branco
14,168,94,branco
13,166,95,branco
13,193,99,branco
13,197,97,branco
13,209,94,branco
13,205,91,branco
14,183,95,branco
14,174,95,branco
14,178,93,branco
13,191,84,branco
12,196,82,branco
11,199,78,branco
12,199,77,branco
10,183,78,branco
10,186,59,branco
7,167,55,branco
7,170,54,branco
7,174,47,branco
6,164,45,branco
6,148,50,branco
6,145,51,branco
6,179,54,branco
6,166,57,branco
9,179,57,branco
9,182,56,branco
8,180,58,branco
7,165,68,branco
8,170,69,branco
8,168,70,branco
15,167,98,branco
14,163,102,branco
14,158,105,branco
14,161,103,branco
13,175,89,branco
13,184,94,branco
12,191,92,branco
13,191,91,branco
13,183,88,branco
14,180,88,branco
14,188,84,branco
13,198,80,branco
13,207,75,branco
12,207,74,branco
13,209,72,branco
11,200,74,branco
12,199,73,branco
11,195,72,branco
10,196,73,branco
11,198,71,branco
10,198,72,branco
11,194,71,branco
10,174,63,branco
6,175,54,branco
6,170,57,branco
6,173,56,branco
6,167,58,branco
6,164,59,branco
6,163,58,branco
6,168,56,branco
9,188,61,branco
9,188,65,branco
9,180,68,branco
9,177,69,branco
13,130,98,branco
13,139,92,branco
13,140,91,branco
13,136,101,branco
13,132,104,branco
13,141,103,branco
13,151,103,branco
14,154,103,branco
13,156,103,branco
13,161,100,branco
12,187,86,branco
13,192,85,branco
12,189,85,branco
13,190,79,branco
13,186,78,branco
13,188,80,branco
13,191,76,branco
12,194,75,branco
13,200,70,branco
12,190,71,branco
11,191,72,branco
11,195,68,branco
9,195,68,branco
10,199,64,branco
9,207,64,branco
9,201,61,branco
8,194,54,branco
8,191,52,branco
6,172,55,branco
6,167,64,branco
8,177,69,branco
13,143,96,branco
14,144,99,branco
12,187,71,branco
12,188,72,branco
11,182,73,branco
12,186,70,branco
11,192,65,branco
8,202,58,branco
8,196,56,branco
8,189,54,branco
6,178,53,branco
9,176,55,branco
9,179,54,branco
6,173,62,branco
6,164,67,branco
6,163,72,branco
6,162,74,branco
8,168,73,branco
14,137,104,branco
14,135,106,branco
13,151,96,branco
12,189,62,branco
6,169,65,branco
8,183,67,branco
6,160,75,branco
6,158,76,branco
7,164,76,branco
15,158,97,branco
14,149,101,branco
11,152,62,branco
8,178,56,branco
6,161,54,branco
6,158,55,branco
4,146,56,branco
4,143,57,branco
4,148,55,branco
4,154,53,branco
6,164,53,branco
10,163,61,branco
6,159,61,branco
6,165,65,branco
6,171,64,branco
8,185,66,branco
6,159,74,branco
5,165,74,branco
7,171,73,branco
12,194,67,branco
12,197,66,branco
15,147,104,branco
15,150,102,branco
12,169,80,branco
11,210,63,branco
10,179,47,branco
4,151,54,branco
6,156,62,branco
6,162,66,branco
6,166,72,branco
6,169,71,branco
5,172,71,branco
7,178,70,branco
12,191,68,branco
13,168,82,branco
12,177,75,branco
10,179,60,branco
11,178,53,branco
5,144,53,branco
5,147,52,branco
5,150,51,branco
5,153,50,branco
5,156,49,branco
11,155,61,branco
8,175,70,branco
14,150,95,branco
13,158,92,branco
13,184,75,branco
10,182,59,branco
11,183,57,branco
10,188,57,branco
10,181,55,branco
11,181,52,branco
10,180,51,branco
4,140,53,branco
4,142,52,branco
9,177,65,branco
6,171,70,branco
14,160,83,branco
13,195,64,branco
11,193,62,branco
12,196,60,branco
12,175,64,branco
10,167,64,branco
10,184,50,branco
9,173,50,branco
4,137,52,branco
1,130,53,branco
6,142,52,branco
6,127,58,branco
13,153,55,branco
13,143,59,branco
13,145,58,branco
13,164,76,branco
13,169,74,branco
11,149,53,branco
12,144,53,branco
11,144,55,branco
12,142,54,branco
12,134,57,branco
15,141,56,branco
12,132,58,branco
12,139,55,branco
15,149,53,branco
15,155,51,branco
13,157,47,branco
13,161,46,branco
13,137,54,branco
12,137,56,branco
13,132,56,branco
13,130,57,branco
14,132,52,branco
11,130,53,branco
14,135,51,branco
11,135,51,branco
14,143,48,branco
11,141,49,branco
14,153,45,branco
14,156,44,branco
11,179,50,branco
11,175,54,branco
12,181,55,branco
12,150,51,branco
13,148,50,branco
11,137,52,branco
11,143,50,branco
10,140,60,branco
11,132,54,branco
13,151,49,branco
14,164,42,branco
14,168,41,branco
13,168,44,branco
14,160,43,branco
13,142,52,branco
14,138,50,branco
14,146,47,branco
13,154,48,branco
13,142,45,branco
15,142,43,branco
13,145,44,branco
15,146,42,branco
13,148,43,branco
13,163,39,branco
15,161,38,branco
13,168,38,branco
15,170,36,branco
13,172,37,branco
12,174,44,branco
13,177,46,branco
13,184,47,branco
12,180,51,branco
12,177,52,branco
13,186,52,branco
11,136,58,branco
11,140,51,branco
13,133,48,branco
11,132,52,branco
8,133,50,branco
5,149,60,branco
5,146,61,branco
12,196,39,branco
12,191,40,branco
16,158,42,branco
16,174,38,branco
14,181,38,branco
16,179,37,branco
14,177,39,branco
16,170,39,branco
16,166,40,branco
14,172,40,branco
16,184,36,branco
14,197,35,branco
16,201,33,branco
15,155,33,branco
12,165,34,branco
15,159,32,branco
12,175,32,branco
15,170,30,branco
15,175,35,branco
13,176,42,branco
13,185,40,branco
13,190,39,branco
13,180,41,branco
15,188,42,branco
13,185,44,branco
13,181,45,branco
15,187,45,branco
13,181,48,branco
13,177,49,branco
14,187,49,branco
11,138,50,branco
11,187,56,branco
11,201,52,branco
11,201,47,branco
11,172,40,branco
12,140,40,branco
15,138,37,branco
15,148,31,branco
15,164,28,branco
11,177,39,branco
11,186,37,branco
10,188,34,branco
11,203,34,branco
12,183,32,branco
12,168,35,branco
12,163,36,branco
13,174,47,branco
13,170,48,branco
13,158,55,branco
13,161,54,branco
12,187,49,branco
10,139,46,branco
8,119,43,branco
14,111,30,branco
16,104,27,branco
16,108,26,branco
16,112,25,branco
14,123,27,branco
14,118,28,branco
11,119,30,branco
8,100,28,branco
13,88,26,branco
13,92,25,branco
11,123,29,branco
11,149,29,branco
8,132,29,branco
11,155,28,branco
8,137,28,branco
11,140,31,branco
13,155,41,branco
13,140,53,branco
13,143,57,branco
13,159,61,branco
13,156,62,branco
12,160,62,branco
15,168,50,branco
13,160,51,branco
15,162,52,branco
15,161,49,branco
15,165,48,branco
13,163,50,branco
13,154,53,branco
13,151,54,branco
5,106,41,branco
5,108,40,branco
5,111,39,branco
11,73,28,branco
13,69,26,branco
13,71,25,branco
13,74,24,branco
11,82,25,branco
11,78,26,branco
6,88,29,branco
3,94,30,branco
5,109,28,branco
5,113,27,branco
5,106,29,branco
5,118,26,branco
5,102,30,branco
5,99,31,branco
0,99,31,branco
5,135,34,branco
5,131,35,branco
14,135,36,branco
15,172,49,branco
11,130,55,branco
11,174,41,branco
9,124,39,branco
8,106,36,branco
8,109,35,branco
8,128,30,branco
11,128,28,branco
11,76,27,branco
6,91,28,branco
3,97,29,branco
8,104,27,branco
8,108,26,branco
8,112,25,branco
8,97,29,branco
6,94,27,branco
177,85,27,branco
177,91,28,branco
3,100,28,branco
0,106,29,branco
5,114,29,branco
5,123,27,branco
2,132,29,branco
5,145,30,branco
5,140,31,branco
13,128,32,branco
13,177,36,branco
13,195,38,branco
15,198,40,branco
15,180,44,branco
12,140,42,branco
12,130,45,branco
10,130,49,branco
12,122,48,branco
10,128,50,branco
12,125,47,branco
10,133,48,branco
12,136,43,branco
11,112,32,branco
11,115,31,branco
11,132,27,branco
13,78,23,branco
11,85,24,branco
177,88,26,branco
0,64,24,branco
6,98,26,branco
3,104,27,branco
5,118,28,branco
14,107,31,branco
13,132,31,branco
13,136,30,branco
15,197,31,branco
15,185,33,branco
8,123,56,branco
6,125,59,branco
11,141,56,branco
12,143,41,branco
12,148,38,branco
11,131,41,branco
10,127,44,branco
11,122,44,branco
11,134,40,branco
8,94,30,branco
13,96,24,branco
13,100,23,branco
173,44,23,branco
13,141,29,branco
12,181,31,branco
12,159,37,branco
4,121,59,branco
6,123,60,branco
10,136,47,branco
10,134,42,branco
9,118,41,branco
9,121,40,branco
11,120,36,branco
8,103,37,branco
11,114,38,branco
11,135,32,branco
13,85,27,branco
13,81,22,branco
11,89,23,branco
6,53,24,branco
173,43,24,branco
6,102,25,branco
11,93,22,branco
14,127,26,branco
8,90,31,branco
13,146,28,branco
13,157,26,branco
6,116,57,branco
11,135,53,branco
10,125,45,branco
11,99,36,branco
11,105,34,branco
5,96,32,branco
5,93,33,branco
19,82,25,branco
3,108,26,branco
19,89,23,branco
19,93,22,branco
19,97,21,branco
13,85,21,branco
6,55,23,branco
165,24,21,branco
20,36,21,branco
8,117,24,branco
6,61,21,branco
13,104,22,branco
14,138,24,branco
14,133,25,branco
6,118,56,branco
4,119,60,branco
8,119,58,branco
14,184,50,branco
13,152,57,branco
12,120,49,branco
10,114,49,branco
11,125,43,branco
5,90,34,branco
5,92,36,branco
5,87,35,branco
8,78,36,branco
8,83,34,branco
19,85,24,branco
6,58,22,branco
20,38,20,branco
13,89,20,branco
11,102,20,branco
11,97,21,branco
13,109,21,branco
6,114,58,branco
4,123,58,branco
10,123,52,branco
13,125,51,branco
13,139,46,branco
13,128,50,branco
15,148,57,branco
13,134,61,branco
13,128,64,branco
13,123,60,branco
11,123,56,branco
12,115,51,branco
11,111,39,branco
6,85,30,branco
3,88,32,branco
6,80,32,branco
11,68,30,branco
11,70,29,branco
24,55,23,branco
24,58,22,branco
24,61,21,branco
24,64,20,branco
6,106,24,branco
6,111,23,branco
6,116,22,branco
6,121,21,branco
11,137,26,branco
11,143,25,branco
0,70,22,branco
0,73,21,branco
0,77,20,branco
0,81,19,branco
11,107,19,branco
4,125,57,branco
13,136,47,branco
13,120,53,branco
13,118,54,branco
13,123,52,branco
13,130,49,branco
15,144,55,branco
12,130,59,branco
13,114,56,branco
12,111,53,branco
11,107,50,branco
11,108,40,branco
13,110,37,branco
11,102,35,branco
6,82,31,branco
177,96,24,branco
12,117,48,branco
12,125,45,branco
12,137,41,branco
12,152,37,branco
12,122,46,branco
12,114,49,branco
12,106,53,branco
12,102,55,branco
12,104,54,branco
12,110,51,branco
14,141,49,branco
14,108,45,branco
8,85,33,branco
13,79,29,branco
3,112,25,branco
11,167,26,branco
11,137,39,branco
9,151,32,branco
8,142,27,branco
0,67,23,branco
8,130,61,branco
12,107,55,branco
12,119,47,branco
12,130,43,branco
14,124,39,branco
13,107,38,branco
14,100,33,branco
13,77,30,branco
13,82,28,branco
19,78,26,branco
5,111,30,branco
10,170,33,branco
9,156,31,branco
5,122,25,branco
5,128,24,branco
177,92,25,branco
11,134,59,branco
11,130,61,branco
10,129,65,branco
11,125,63,branco
13,108,59,branco
15,98,52,branco
15,113,45,branco
15,131,39,branco
15,142,36,branco
15,121,42,branco
15,116,44,branco
15,109,47,branco
15,106,48,branco
15,111,46,branco
14,104,32,branco
16,97,29,branco
16,100,28,branco
21,98,26,branco
30,89,23,branco
0,61,25,branco
3,90,31,branco
3,85,33,branco
5,127,26,branco
2,137,28,branco
2,123,31,branco
2,128,30,branco
5,149,29,branco
8,159,32,branco
0,109,28,branco
177,94,27,branco
11,127,62,branco
11,124,64,branco
13,131,64,branco
11,133,67,branco
12,121,63,branco
13,110,58,branco
15,100,51,branco
15,134,38,branco
15,128,40,branco
15,124,41,branco
30,93,22,branco
21,106,24,branco
0,59,26,branco
0,57,27,branco
3,83,34,branco
3,78,36,branco
3,76,37,branco
3,80,35,branco
3,117,24,branco
0,102,30,branco
5,139,33,branco
11,154,58,branco
9,128,48,branco
175,96,32,branco
11,122,65,branco
13,126,67,branco
13,131,66,branco
12,139,66,branco
12,113,52,branco
14,121,40,branco
14,131,37,branco
5,107,31,branco
21,102,25,branco
30,111,23,branco
30,116,22,branco
35,127,22,branco
30,97,21,branco
177,82,28,branco
177,79,29,branco
177,77,30,branco
0,55,28,branco
11,66,31,branco
6,75,34,branco
6,77,33,branco
3,74,38,branco
0,128,32,branco
0,124,33,branco
0,117,35,branco
0,110,37,branco
0,102,40,branco
0,100,41,branco
0,97,42,branco
0,95,43,branco
0,91,45,branco
0,89,46,branco
3,116,44,branco
9,125,49,branco
5,119,47,branco
0,89,40,branco
13,124,68,branco
13,124,70,branco
13,126,69,branco
13,140,62,branco
13,141,58,branco
13,124,33,branco
13,120,34,branco
21,116,22,branco
8,88,32,branco
13,72,32,branco
8,76,37,branco
14,87,38,branco
5,75,41,branco
11,89,40,branco
11,92,39,branco
11,96,37,branco
5,103,42,branco
5,101,43,branco
3,142,36,branco
5,122,46,branco
5,114,49,branco
5,110,51,branco
5,108,52,branco
5,109,54,branco
5,105,56,branco
5,103,57,branco
7,120,53,branco
15,126,67,branco
15,133,67,branco
15,139,64,branco
15,157,57,branco
15,175,51,branco
15,181,45,branco
2,103,37,branco
11,128,42,branco
12,127,44,branco
12,134,42,branco
10,177,36,branco
13,183,57,branco
15,134,63,branco
15,136,62,branco
15,141,58,branco
15,151,54,branco
15,167,49,branco
17,193,45,branco
17,185,40,branco
13,117,35,branco
14,114,29,branco
5,118,39,branco
9,176,42,branco
10,185,58,branco
11,190,55,branco
13,188,61,branco
13,191,60,branco
14,200,60,branco
15,189,58,branco
17,164,45,branco
17,176,42,branco
15,131,35,branco
3,124,41,branco
3,119,43,branco
12,127,46,branco
9,192,53,branco
9,189,54,branco
10,188,53,branco
11,194,54,branco
13,185,62,branco
15,165,37,branco
15,153,40,branco
8,101,38,branco
3,113,45,branco
3,111,46,branco
9,130,47,branco
10,184,54,branco
10,191,52,branco
11,188,42,branco
11,194,59,branco
11,198,58,branco
11,191,60,branco
10,195,55,branco
12,192,61,branco
12,186,59,branco
11,117,37,branco
13,113,36,branco
16,117,24,branco
10,177,52,branco
11,150,63,branco
11,132,60,branco
10,191,56,branco
12,199,59,branco
12,193,58,branco
177,74,31,branco
170,79,29,branco
170,57,27,branco
6,49,26,branco
173,41,25,branco
21,123,27,branco
16,132,29,branco
16,128,30,branco
9,180,41,branco
12,187,41,branco
11,163,64,branco
12,200,56,branco
160,55,28,branco
160,51,30,branco
156,41,31,branco
173,39,26,branco
0,87,35,branco
0,96,32,branco
16,123,31,branco
9,190,39,branco
11,180,44,branco
11,195,64,branco
12,190,59,branco
12,197,57,branco
0,51,30,branco
170,53,29,branco
156,46,28,branco
156,47,27,branco
145,57,27,branco
145,59,26,branco
156,53,24,branco
170,61,25,branco
170,64,24,branco
5,85,36,branco
5,90,37,branco
5,87,38,branco
2,98,39,branco
2,96,40,branco
2,93,41,branco
5,85,39,branco
2,101,38,branco
8,93,41,branco
8,176,45,branco
12,196,56,branco
11,197,53,branco
11,197,70,branco
11,198,63,branco
11,202,62,branco
0,53,29,branco
170,55,28,branco
156,49,26,branco
133,66,27,branco
132,49,26,branco
5,112,41,branco
5,109,42,branco
5,107,43,branco
5,104,44,branco
5,100,46,branco
8,168,47,branco
11,205,51,branco
10,195,51,branco
11,193,49,branco
10,191,48,branco
10,203,49,branco
11,198,67,branco
11,192,69,branco
170,59,26,branco
156,51,25,branco
132,51,25,branco
145,61,25,branco
160,61,25,branco
177,72,32,branco
5,117,50,branco
7,123,52,branco
8,175,73,branco
9,188,72,branco
11,181,69,branco
12,208,54,branco
12,211,52,branco
11,205,61,branco
11,200,69,branco
11,200,70,branco
10,193,74,branco
10,190,75,branco
11,197,75,branco
11,190,74,branco
11,189,70,branco
140,33,23,branco
170,88,26,branco
10,192,73,branco
11,200,60,branco
12,202,58,branco
11,204,65,branco
11,201,66,branco
11,187,71,branco
6,51,25,branco
15,165,51,branco
13,170,51,branco
11,192,73,branco
11,195,77,branco
11,202,77,branco
177,73,35,branco
6,73,35,branco
6,69,37,branco
6,71,36,branco
7,130,49,branco
6,151,64,branco
15,156,54,branco
15,154,53,branco
15,153,55,branco
12,199,68,branco
12,196,69,branco
12,193,70,branco
11,205,76,branco
10,209,77,branco
0,78,39,branco
5,81,41,branco
5,77,40,branco
5,81,38,branco
13,155,56,branco
15,143,59,branco
13,142,61,branco
12,160,70,branco
12,165,71,branco
12,200,65,branco
10,188,76,branco
11,203,74,branco
3,106,48,branco
5,98,47,branco
9,108,45,branco
8,91,42,branco
10,119,47,branco
12,178,66,branco
11,178,70,branco
11,187,75,branco
10,185,77,branco
5,117,48,branco
8,113,45,branco
9,115,42,branco
13,188,68,branco
12,192,69,branco
11,207,64,branco
10,187,75,branco
10,189,77,branco
10,186,78,branco
5,104,54,branco
5,113,52,branco
9,113,43,branco
13,182,70,branco
9,189,70,branco
9,172,71,branco
4,111,55,branco
4,115,53,branco
4,118,52,branco
8,116,44,branco
8,135,49,branco
13,174,72,branco
13,180,71,branco
9,192,69,branco
10,190,74,branco
10,191,76,branco
7,112,57,branco
7,114,56,branco
6,121,55,branco
6,125,53,branco
7,128,50,branco
13,177,72,branco
12,182,73,branco
9,111,55,branco
6,123,54,branco
11,180,78,branco
8,117,59,branco
10,196,65,branco
8,115,60,branco
6,119,62,branco
13,176,71,branco
7,126,65,branco
11,123,58,branco
9,112,66,branco
10,122,69,branco
7,118,69,branco
8,127,62,branco
13,192,65,branco
13,196,65,branco
12,198,67,branco
12,195,68,branco
10,120,70,branco
11,127,70,branco
13,189,66,branco
13,195,72,branco
13,198,71,branco
13,122,69,branco
10,131,70,branco
10,134,63,branco
13,190,67,branco
12,126,73,branco
11,139,68,branco
12,150,61,branco
12,201,66,branco
10,179,80,branco
12,128,72,branco
11,137,69,branco
8,139,75,branco
12,133,69,branco
10,202,72,branco
10,194,75,branco
10,184,79,branco
10,196,74,branco
11,196,61,branco
12,203,64,branco
12,204,65,branco
12,202,67,branco
13,205,71,branco
13,202,72,branco
10,134,74,branco
12,169,65,branco
10,204,70,branco
10,201,71,branco
12,206,63,branco
10,136,73,branco
14,161,57,branco
13,186,74,branco
14,172,77,branco
13,166,83,branco
13,161,79,branco
13,149,58,branco
14,156,59,branco
13,181,76,branco
14,170,78,branco
13,145,60,branco
14,150,61,branco
13,154,63,branco
11,203,68,branco
13,147,59,branco
14,153,60,branco
14,158,58,branco
12,158,71,branco
12,137,80,branco
11,156,77,branco
13,136,62,branco
11,158,76,branco
13,134,63,branco
14,148,62,branco
13,149,65,branco
11,206,67,branco
11,209,66,branco
13,160,78,branco
12,166,66,branco
13,138,61,branco
13,138,63,branco
14,146,63,branco
13,162,77,branco
13,151,64,branco
12,170,69,branco
13,158,79,branco
13,164,59,branco
13,190,82,branco
13,163,78,branco
13,159,72,branco
13,194,83,branco
13,190,83,branco
13,193,82,branco
12,191,80,branco
13,124,78,branco
12,129,77,branco
13,149,77,branco
13,169,62,branco
12,178,56,branco
12,189,81,branco
11,121,78,branco
10,119,77,branco
13,193,78,branco
12,186,78,branco
10,118,78,branco
10,111,76,branco
10,121,76,branco
10,139,77,branco
13,147,66,branco
7,162,77,branco
6,163,78,branco
13,175,86,branco
11,190,82,branco
11,194,80,branco
11,197,79,branco
12,196,78,branco
12,201,76,branco
6,157,81,branco
11,198,76,branco
10,128,78,branco
7,154,81,branco
11,185,84,branco
12,210,62,branco
8,171,76,branco
11,183,85,branco
8,178,73,branco
8,172,74,branco
13,137,84,branco
10,177,82,branco
10,183,85,branco
10,190,82,branco
10,192,81,branco
10,194,80,branco
13,133,86,branco
12,132,89,branco
11,136,88,branco
12,130,90,branco
9,188,80,branco
9,190,79,branco
12,186,89,branco
13,129,89,branco
13,142,86,branco
9,181,83,branco
10,188,87,branco
13,132,87,branco
9,187,82,branco
9,188,84,branco
9,193,82,branco
9,177,85,branco
10,185,91,branco
10,191,88,branco
10,187,90,branco
10,183,92,branco
13,104,83,branco
13,117,83,branco
9,191,80,branco
9,197,83,branco
9,190,83,branco
9,185,88,branco
10,190,86,branco
10,202,86,branco
11,205,82,branco
10,197,88,branco
11,196,86,branco
10,193,87,branco
9,186,85,branco
9,188,87,branco
8,184,86,branco
10,192,85,branco
10,194,84,branco
10,191,91,branco
10,191,92,branco
13,106,82,branco
13,126,83,branco
10,197,83,branco
8,188,84,branco
8,190,83,branco
9,192,85,branco
10,195,89,branco
11,200,88,branco
11,205,86,branco
8,180,88,branco
9,180,85,branco
10,196,86,branco
10,189,93,branco
14,112,82,branco
8,182,87,branco
8,185,87,branco
8,193,86,branco
9,192,89,branco
10,195,90,branco
10,198,90,branco
10,198,89,branco
8,186,89,branco
8,188,88,branco
8,183,88,branco
9,181,90,branco
9,183,89,branco
10,198,85,branco
10,193,91,branco
10,187,94,branco
13,114,85,branco
12,129,85,branco
8,182,91,branco
8,181,89,branco
8,191,87,branco
9,196,87,branco
10,194,92,branco
10,196,91,branco
9,179,91,branco
10,185,95,branco
14,111,83,branco
13,111,87,branco
13,147,85,branco
12,157,86,branco
11,189,89,branco
8,178,93,branco
8,178,90,branco
9,194,88,branco
9,190,90,branco
8,184,90,branco
9,190,86,branco
14,117,87,branco
12,149,87,branco
8,180,92,branco
9,188,91,branco
15,95,89,branco
13,103,84,branco
14,121,84,branco
10,199,82,branco
8,185,91,branco
8,187,90,branco
9,191,91,branco
9,192,93,branco
10,195,93,branco
10,199,91,branco
11,209,89,branco
11,198,94,branco
9,186,93,branco
9,188,92,branco
8,183,92,branco
13,97,89,branco
14,126,81,branco
10,199,87,branco
9,193,90,branco
9,194,92,branco
11,207,90,branco
11,212,88,branco
10,193,94,branco
10,183,96,branco
14,108,85,branco
14,109,84,branco
13,138,83,branco
13,161,87,branco
10,205,82,branco
10,209,84,branco
10,205,86,branco
9,190,94,branco
9,197,88,branco
8,189,89,branco
11,200,93,branco
11,202,92,branco
11,194,96,branco
10,187,97,branco
10,189,96,branco
9,186,96,branco
9,184,94,branco
8,181,93,branco
14,119,86,branco
13,123,85,branco
13,144,85,branco
10,207,85,branco
10,200,88,branco
10,197,92,branco
9,188,95,branco
11,196,95,branco
10,191,95,branco
15,104,86,branco
14,120,85,branco
9,201,89,branco
9,198,90,branco
9,194,96,branco
9,191,96,branco
8,190,94,branco
8,186,96,branco
9,187,98,branco
9,185,99,branco
9,186,100,branco
10,191,100,branco
10,193,99,branco
11,198,99,branco
11,200,98,branco
10,197,97,branco
9,195,94,branco
9,197,93,branco
8,194,92,branco
9,195,89,branco
10,193,90,branco
14,107,86,branco
15,131,84,branco
9,192,97,branco
9,193,95,branco
10,189,101,branco
11,196,100,branco
11,193,102,branco
11,194,101,branco
9,196,91,branco
9,184,93,branco
9,198,98,branco
9,200,97,branco
9,195,97,branco
8,188,95,branco
9,189,97,branco
9,188,99,branco
9,196,95,branco
14,104,88,branco
13,150,85,branco
9,196,99,branco
9,190,98,branco
11,202,97,branco
10,201,95,branco
10,203,94,branco
9,200,93,branco
14,106,87,branco
13,153,90,branco
9,198,94,branco
9,193,98,branco
11,206,98,branco
11,208,97,branco
11,205,96,branco
10,206,93,branco
10,192,93,branco
11,193,91,branco
11,195,90,branco
9,182,94,branco
9,197,96,branco
9,199,95,branco
9,187,101,branco
10,199,100,branco
9,184,100,branco
11,198,89,branco
14,113,90,branco
13,119,88,branco
12,147,90,branco
8,198,90,branco
8,196,91,branco
10,195,102,branco
8,184,104,branco
9,181,103,branco
9,189,100,branco
8,192,101,branco
9,191,99,branco
8,190,102,branco
8,194,100,branco
8,193,99,branco
8,188,102,branco
9,184,101,branco
11,195,94,branco
10,201,89,branco
9,175,93,branco
13,117,89,branco
8,192,93,branco
10,199,96,branco
11,199,101,branco
8,186,103,branco
8,188,103,branco
8,189,101,branco
8,191,100,branco
8,196,99,branco
11,200,92,branco
11,191,103,branco
9,202,96,branco
11,204,90,branco
13,116,90,branco
12,133,88,branco
11,189,104,branco
11,187,105,branco
11,196,103,branco
10,197,101,branco
9,190,102,branco
9,192,101,branco
9,194,100,branco
9,188,103,branco
11,202,91,branco
9,186,92,branco
13,103,94,branco
12,148,88,branco
12,150,90,branco
10,186,96,branco
10,184,97,branco
10,190,94,branco
10,195,98,branco
10,188,102,branco
11,183,107,branco
11,185,106,branco
10,193,103,branco
10,191,104,branco
10,189,105,branco
10,188,106,branco
11,197,93,branco
11,191,88,branco
13,105,92,branco
10,182,98,branco
10,182,109,branco
10,184,108,branco
10,186,107,branco
11,192,97,branco
11,193,95,branco
9,180,95,branco
13,108,90,branco
12,120,91,branco
12,123,89,branco
10,183,99,branco
10,181,100,branco
10,185,98,branco
10,182,105,branco
10,180,106,branco
11,190,106,branco
11,188,107,branco
11,183,110,branco
11,185,109,branco
11,192,105,branco
11,198,102,branco
11,190,98,branco
11,191,96,branco
10,188,95,branco
15,95,94,branco
13,109,89,branco
12,122,90,branco
12,125,88,branco
10,184,104,branco
10,186,103,branco
11,187,108,branco
11,181,111,branco
12,198,99,branco
15,97,92,branco
11,186,100,branco
11,183,102,branco
9,183,102,branco
9,205,91,branco
10,215,89,branco
11,216,91,branco
11,212,95,branco
11,194,104,branco
11,201,100,branco
11,210,96,branco
12,211,93,branco
9,178,96,branco
9,194,84,branco
15,96,93,branco
12,107,93,branco
11,181,103,branco
9,202,92,branco
9,212,88,branco
10,222,86,branco
11,223,88,branco
11,217,93,branco
11,203,99,branco
11,197,97,branco
11,187,98,branco
15,90,93,branco
14,97,95,branco
11,110,95,branco
9,204,90,branco
9,213,86,branco
9,224,83,branco
11,222,84,branco
11,215,89,branco
11,199,96,branco
11,189,101,branco
11,188,102,branco
11,191,100,branco
11,193,99,branco
11,189,97,branco
10,202,87,branco
15,91,92,branco
14,98,94,branco
10,179,107,branco
11,207,95,branco
9,202,91,branco
9,211,87,branco
9,222,84,branco
11,224,83,branco
11,217,88,branco
11,201,95,branco
11,195,98,branco
15,92,91,branco
14,100,92,branco
11,111,94,branco
11,129,89,branco
10,201,90,branco
9,182,101,branco
8,180,99,branco
10,211,86,branco
11,188,99,branco
11,184,101,branco
14,103,89,branco
11,127,90,branco
9,180,102,branco
9,178,103,branco
8,173,103,branco
8,177,101,branco
15,82,96,branco
13,110,88,branco
13,83,98,branco
13,94,92,branco
12,114,87,branco
13,89,95,branco
12,98,94,branco
11,112,93,branco
13,86,98,branco
11,92,97,branco
11,99,95,branco
13,87,97,branco
11,93,96,branco
11,100,94,branco
